market_id,horizon,question,slug,total_n_obs,early_n_obs,early_obs_share,total_time_seconds,early_time_seconds,early_time_share,early_first_probability,early_last_probability,early_mean_probability,early_std_probability,early_probability_range,early_realized_volatility,early_trend,early_distance_to_boundary,early_mean_distance_to_boundary,early_min_distance_to_boundary,early_near_boundary,outcome,final_probability,bayesian_fair_probability,mispricing,abs_mispricing,abs_surprise,cluster,market_regime,early_max_drawdown,early_reversals,early_entropy,target
248594,0.25,"Will Hunter Biden be federally indicted by May 1, 2023?",will-hunter-biden-be-federally-indicted-by-may-1-2023,1826,457,0.2502738225629792,7163979.0,1825177.0,0.2547714056671579,0.5,0.15,0.32547045951859954,0.2253726147143117,0.8700000000000001,0.03455943628868212,-0.001319790163683793,0.15,0.29995623632385127,0.06,0,0,0.02,0.0384615384615384,0.0184615384615384,0.0184615384615384,0.02,0,Information Processing,0.935483870967742,8,0.6615632381579821,1
248594,0.5,"Will Hunter Biden be federally indicted by May 1, 2023?",will-hunter-biden-be-federally-indicted-by-may-1-2023,1826,913,0.5,7163979.0,3553194.0,0.4959805158557835,0.5,0.1,0.21454545454545454,0.1945705921022105,0.8700000000000001,0.02459383699680849,-0.0005372803601200316,0.1,0.20177437020810518,0.06,0,0,0.02,0.0384615384615384,0.0184615384615384,0.0184615384615384,0.02,0,Information Processing,0.935483870967742,24,0.6931471805599453,1
248594,0.75,"Will Hunter Biden be federally indicted by May 1, 2023?",will-hunter-biden-be-federally-indicted-by-may-1-2023,1826,1370,0.7502738225629791,7163979.0,5392799.0,0.752765886108823,0.5,0.06,0.1695985401459854,0.1712705052629659,0.88,0.020088593671345457,-0.0002942415541977042,0.06,0.1610875912408759,0.05,0,0,0.02,0.0384615384615384,0.0184615384615384,0.0184615384615384,0.02,0,Information Processing,0.9462365591397849,30,0.6899437584583995,1
249778,0.25,MLB: Cincinnati Reds vs. Pittsburgh Pirates 2023-04-02,mlb-cin-pit-2023-04-02,23,6,0.2608695652173913,100797.0,18011.0,0.17868587358750757,0.5,0.5,0.5,0.0,0.0,0.0,0.0,0.5,0.5,0.5,0,1,0.55,0.6,0.0499999999999999,0.0499999999999999,0.4499999999999999,1,Anchored / Noisy,0.0,0,0.0,0
249778,0.5,MLB: Cincinnati Reds vs. Pittsburgh Pirates 2023-04-02,mlb-cin-pit-2023-04-02,23,12,0.5217391304347826,100797.0,43197.0,0.42855442126253757,0.5,0.5,0.5,0.0,0.0,0.0,0.0,0.5,0.5,0.5,0,1,0.55,0.6,0.0499999999999999,0.0499999999999999,0.4499999999999999,1,Anchored / Noisy,0.0,0,0.0,0
249778,0.75,MLB: Cincinnati Reds vs. Pittsburgh Pirates 2023-04-02,mlb-cin-pit-2023-04-02,23,18,0.782608695652174,100797.0,82788.0,0.8213339682728653,0.5,0.5,0.5,0.0,0.0,0.0,0.0,0.5,0.5,0.5,0,1,0.55,0.6,0.0499999999999999,0.0499999999999999,0.4499999999999999,1,Anchored / Noisy,0.0,0,0.0,0
250474,0.25,Did US GDP grow 2.5% or more in Q1 2023?,did-us-gdp-grow-2pt5-or-more-in-q1-2023,23,6,0.2608695652173913,86395.0,21622.0,0.2502691127958794,0.4,0.325,0.375,0.03872983346207417,0.07500000000000001,0.03354101966249685,-0.017142857142857144,0.325,0.375,0.325,0,0,0.36,0.3333333333333333,-0.0266666666666666,0.0266666666666666,0.36,1,Anchored / Noisy,0.18750000000000003,0,-0.0,0
250474,0.5,Did US GDP grow 2.5% or more in Q1 2023?,did-us-gdp-grow-2pt5-or-more-in-q1-2023,23,12,0.5217391304347826,86395.0,46824.0,0.5419758087852307,0.4,0.315,0.3475000000000001,0.03899300636594395,0.08500000000000002,0.022512622721890533,-0.009335664335664337,0.315,0.3475000000000001,0.315,0,0,0.36,0.3333333333333333,-0.0266666666666666,0.0266666666666666,0.36,1,Anchored / Noisy,0.21250000000000005,0,-0.0,0
250474,0.75,Did US GDP grow 2.5% or more in Q1 2023?,did-us-gdp-grow-2pt5-or-more-in-q1-2023,23,18,0.782608695652174,86395.0,68383.0,0.7915157127148562,0.4,0.36,0.3544444444444445,0.0330280134613424,0.08500000000000002,0.023393217971429747,-0.0012590299277605793,0.36,0.3544444444444445,0.315,0,0,0.36,0.3333333333333333,-0.0266666666666666,0.0266666666666666,0.36,1,Anchored / Noisy,0.21250000000000005,2,0.5623351446188083,0
251025,0.25,"Will Ron DeSantis file to run for president by May 31, 2023?",will-ron-desantis-file-to-run-for-president-by-may-31-2023,212,53,0.25,766795.0,194396.0,0.25351756336439335,0.5,0.97,0.7020754716981132,0.12636346372158183,0.695,0.06546244591395671,0.0064731494920174165,0.030000000000000027,0.2807547169811321,0.030000000000000027,1,1,0.995,0.9,-0.0949999999999999,0.0949999999999999,0.005,0,Information Processing,0.6099290780141844,10,0.5253213195155949,1
251025,0.5,"Will Ron DeSantis file to run for president by May 31, 2023?",will-ron-desantis-file-to-run-for-president-by-may-31-2023,212,106,0.5,766795.0,385195.0,0.5023441728232448,0.5,0.96,0.8339150943396225,0.1596499216544647,0.7,0.046283487035455435,0.004545053782401692,0.040000000000000036,0.1575,0.025000000000000022,1,1,0.995,0.9,-0.0949999999999999,0.0949999999999999,0.005,0,Information Processing,0.6099290780141844,17,0.6199868019113608,1
251025,0.75,"Will Ron DeSantis file to run for president by May 31, 2023?",will-ron-desantis-file-to-run-for-president-by-may-31-2023,212,159,0.75,766795.0,575995.0,0.7511720864116224,0.5,0.955,0.8598427672955975,0.14847262606631495,0.7,0.056889361569700446,0.0021010866969190353,0.04500000000000004,0.13418238993710693,0.025000000000000022,1,1,0.995,0.9,-0.0949999999999999,0.0949999999999999,0.005,0,Information Processing,0.6099290780141844,22,0.6049071211700006,1
251027,0.25,USD/TRY (Turkish Lira) above 19.75 on May 22?,usdtry-turkish-lira-above-19pt75-on-may-22,146,37,0.2534246575342466,529154.0,133200.0,0.2517225609179936,0.5,0.515,0.534864864864865,0.049756162187971006,0.24,0.04999107063123515,-0.00014935988620199154,0.485,0.46513513513513505,0.26,0,1,0.825,0.6666666666666666,-0.1583333333333333,0.1583333333333333,0.175,1,Anchored / Noisy,0.304054054054054,3,0.6829081047004717,0
251027,0.5,USD/TRY (Turkish Lira) above 19.75 on May 22?,usdtry-turkish-lira-above-19pt75-on-may-22,146,73,0.5,529154.0,266354.0,0.5033581906212559,0.5,0.8,0.5982191780821918,0.11821992765079632,0.41500000000000004,0.04778178095832443,0.0039986733308651125,0.19999999999999996,0.39876712328767117,0.19499999999999995,0,1,0.825,0.6666666666666666,-0.1583333333333333,0.1583333333333333,0.175,1,Anchored / Noisy,0.47297297297297297,5,0.6931471805599453,0
251027,0.75,USD/TRY (Turkish Lira) above 19.75 on May 22?,usdtry-turkish-lira-above-19pt75-on-may-22,146,110,0.7534246575342466,529154.0,399554.0,0.7550807515392495,0.5,0.92,0.6951363636363637,0.16797288320214876,0.53,0.039748241444462484,0.004755426819647003,0.07999999999999996,0.3028636363636363,0.07999999999999996,0,1,0.825,0.6666666666666666,-0.1583333333333333,0.1583333333333333,0.175,1,Anchored / Noisy,0.47297297297297297,8,0.6853142072764582,0
251045,0.25,US debt ceiling hike by June 1?,us-debt-ceiling-hike-by-june-1,339,85,0.25073746312684364,1216800.0,302400.0,0.2485207100591716,0.405,0.45,0.49047058823529427,0.06620954977790378,0.31,0.049351321420907,-0.0002537619699042411,0.45,0.4450588235294119,0.32,0,0,0.06,0.0384615384615384,-0.0215384615384615,0.0215384615384615,0.06,1,Anchored / Noisy,0.4285714285714286,25,0.6869615765973234,0
251045,0.5,US debt ceiling hike by June 1?,us-debt-ceiling-hike-by-june-1,339,170,0.5014749262536873,1216800.0,608400.0,0.5,0.405,0.39,0.45276470588235296,0.06452606409922919,0.31,0.036508615147583516,-0.0006900299827187181,0.39,0.4300588235294118,0.32,0,0,0.06,0.0384615384615384,-0.0215384615384615,0.0215384615384615,0.06,1,Anchored / Noisy,0.4285714285714286,50,0.6922017029622767,0
251045,0.75,US debt ceiling hike by June 1?,us-debt-ceiling-hike-by-june-1,339,255,0.7522123893805309,1216800.0,914400.0,0.7514792899408284,0.405,0.15,0.40237254901960784,0.11539711659771865,0.515,0.03528926182635421,-0.0011601616778601203,0.15,0.3870392156862745,0.115,0,0,0.06,0.0384615384615384,-0.0215384615384615,0.0215384615384615,0.06,1,Anchored / Noisy,0.8174603174603174,73,0.6916855479178767,0
251046,0.25,Turkish 2nd round turnout over 87%?,turkish-2nd-round-turnout-over-87,104,26,0.25,370800.0,90000.0,0.24271844660194175,0.375,0.4,0.33192307692307693,0.1006486653967843,0.35000000000000003,0.06390096504226939,-0.004854700854700855,0.4,0.33,0.175,0,0,0.445,0.4,-0.0449999999999999,0.0449999999999999,0.445,1,Anchored / Noisy,0.6666666666666667,4,0.6869615765973234,0
251046,0.5,Turkish 2nd round turnout over 87%?,turkish-2nd-round-turnout-over-87,104,52,0.5,370800.0,183600.0,0.49514563106796117,0.375,0.415,0.3458653846153845,0.07985723262053321,0.35000000000000003,0.050113596448664595,0.000651199521898745,0.415,0.34490384615384606,0.175,0,0,0.445,0.4,-0.0449999999999999,0.0449999999999999,0.445,1,Anchored / Noisy,0.6666666666666667,6,0.6853142072764582,0
251046,0.75,Turkish 2nd round turnout over 87%?,turkish-2nd-round-turnout-over-87,104,78,0.75,370800.0,277200.0,0.7475728155339806,0.375,0.42,0.36365384615384627,0.07014212416528018,0.35000000000000003,0.04089439243805498,0.001093526726438119,0.42,0.36301282051282063,0.175,0,0,0.445,0.4,-0.0449999999999999,0.0449999999999999,0.445,1,Anchored / Noisy,0.6666666666666667,8,0.6869615765973234,0
252047,0.25,Will Dillon Danis post 5+ pics of Nina on Aug 24? ,will-dillon-danis-post-5-pics-of-nina-on-aug-24,7,2,0.2857142857142857,21600.0,3601.0,0.16671296296296295,0.25,0.25,0.25,0.0,0.0,0.0,0.0,0.25,0.25,0.25,0,1,0.235,0.5,0.265,0.265,0.765,1,Anchored / Noisy,0.0,0,0.0,0
252047,0.5,Will Dillon Danis post 5+ pics of Nina on Aug 24? ,will-dillon-danis-post-5-pics-of-nina-on-aug-24,7,4,0.5714285714285714,21600.0,10800.0,0.5,0.25,0.235,0.24625,0.007500000000000007,0.015000000000000013,0.008660254037844395,-0.004500000000000004,0.235,0.24625,0.235,0,1,0.235,0.5,0.265,0.265,0.765,1,Anchored / Noisy,0.06000000000000005,0,-0.0,0
252047,0.75,Will Dillon Danis post 5+ pics of Nina on Aug 24? ,will-dillon-danis-post-5-pics-of-nina-on-aug-24,7,6,0.8571428571428571,21600.0,18000.0,0.8333333333333334,0.25,0.235,0.24250000000000002,0.008215838362577499,0.015000000000000013,0.006708203932499375,-0.0038571428571428606,0.235,0.24250000000000002,0.235,0,1,0.235,0.5,0.265,0.265,0.765,1,Anchored / Noisy,0.06000000000000005,0,-0.0,0
252048,0.25,Will Prigozhin make an appearance by Friday?,will-prigozhin-make-an-appearance-by-friday,30,8,0.26666666666666666,104399.0,25199.0,0.24137204379352292,0.055,0.024,0.027937500000000004,0.012393654770544021,0.0395,0.01346114337463133,-0.003410714285714286,0.024,0.027937500000000004,0.0155,1,0,0.01,0.0384615384615384,0.0284615384615384,0.0284615384615384,0.01,1,Anchored / Noisy,0.7181818181818181,4,0.5982695885852573,0
252048,0.5,Will Prigozhin make an appearance by Friday?,will-prigozhin-make-an-appearance-by-friday,30,15,0.5,104399.0,50399.0,0.48275366622285654,0.055,0.021,0.02490000000000001,0.00946270876350198,0.0395,0.009466250055322334,-0.0012089285714285715,0.021,0.02490000000000001,0.0155,1,0,0.01,0.0384615384615384,0.0284615384615384,0.0284615384615384,0.01,1,Anchored / Noisy,0.7181818181818181,6,0.5402041423888608,0
252048,0.75,Will Prigozhin make an appearance by Friday?,will-prigozhin-make-an-appearance-by-friday,30,23,0.7666666666666667,104399.0,79199.0,0.7586183775706664,0.055,0.009,0.020413043478260874,0.009876110034174114,0.046,0.007619893080796511,-0.0011274703557312253,0.009,0.020413043478260874,0.009,1,0,0.01,0.0384615384615384,0.0284615384615384,0.0284615384615384,0.01,1,Anchored / Noisy,0.8363636363636363,8,0.5297061990576545,0
252055,0.25,Will the US confirm that aliens exist in 2023?,will-the-us-confirm-that-aliens-exist-in-2023,3078,770,0.25016244314489927,11077200.0,2768401.0,0.2499188423067201,0.055,0.032,0.03440779220779221,0.0062714861621775055,0.036000000000000004,0.0015023038269864853,-9.469210968960488e-07,0.032,0.03440779220779221,0.019,1,0,0.006,0.0384615384615384,0.0324615384615384,0.0324615384615384,0.006,1,Anchored / Noisy,0.6545454545454547,46,0.6719583059278957,0
252055,0.5,Will the US confirm that aliens exist in 2023?,will-the-us-confirm-that-aliens-exist-in-2023,3078,1539,0.5,11077200.0,5536800.0,0.49983750406239846,0.055,0.0265,0.03150649772579597,0.006084014902675955,0.036000000000000004,0.001121511979898753,-7.539887469392636e-06,0.0265,0.03150649772579597,0.019,1,0,0.006,0.0384615384615384,0.0324615384615384,0.0324615384615384,0.006,1,Anchored / Noisy,0.6545454545454547,61,0.6796983514877128,0
252055,0.75,Will the US confirm that aliens exist in 2023?,will-the-us-confirm-that-aliens-exist-in-2023,3078,2309,0.7501624431448993,11077200.0,8308800.0,0.7500812479688008,0.055,0.013,0.027120831528800345,0.00805797848920706,0.042,0.0009229613723234677,-1.0164209033189056e-05,0.013,0.027120831528800345,0.013,1,0,0.006,0.0384615384615384,0.0324615384615384,0.0324615384615384,0.006,1,Anchored / Noisy,0.7636363636363637,68,0.6581099875431143,0
252101,0.25,Will Rubiales remain Spanish FA president through Sep 11?,will-rubiales-remain-spanish-fa-president-through-sep-11,319,80,0.2507836990595611,1144800.0,284400.0,0.24842767295597484,0.5,0.305,0.32625000000000004,0.10411927191836354,0.28500000000000003,0.03536325611641016,-0.0017565635255508672,0.305,0.32625000000000004,0.215,0,0,0.005,0.0384615384615384,0.0334615384615384,0.0334615384615384,0.005,0,Information Processing,0.5700000000000001,6,0.6890092384766586,1
252101,0.5,Will Rubiales remain Spanish FA president through Sep 11?,will-rubiales-remain-spanish-fa-president-through-sep-11,319,160,0.5015673981191222,1144800.0,572400.0,0.5,0.5,0.575,0.38209375,0.10947483538847334,0.36,0.035613041865244104,0.0012041119770303528,0.42500000000000004,0.36865625,0.215,0,0,0.005,0.0384615384615384,0.0334615384615384,0.0334615384615384,0.005,0,Information Processing,0.5700000000000001,11,0.6145033203107282,1
252101,0.75,Will Rubiales remain Spanish FA president through Sep 11?,will-rubiales-remain-spanish-fa-president-through-sep-11,319,240,0.7523510971786834,1144800.0,860400.0,0.7515723270440252,0.5,0.7,0.4680208333333334,0.16123652544438546,0.535,0.04003846029070908,0.0018266875292973828,0.30000000000000004,0.3610625,0.215,0,0,0.005,0.0384615384615384,0.0334615384615384,0.0334615384615384,0.005,0,Information Processing,0.5700000000000001,15,0.613410049457059,1
252137,0.25,Will SAG end strike by Sep 30?,will-sag-end-strike-by-sep-30,368,92,0.25,1321201.0,327600.0,0.24795621559475053,0.495,0.21,0.123804347826087,0.1006472721313503,0.44,0.05647343697924789,0.0008729559360695403,0.21,0.123804347826087,0.055,0,0,0.015,0.0384615384615384,0.0234615384615384,0.0234615384615384,0.015,0,Information Processing,0.888888888888889,4,0.6931471805599453,1
252137,0.5,Will SAG end strike by Sep 30?,will-sag-end-strike-by-sep-30,368,184,0.5,1321201.0,658800.0,0.49863722476746536,0.495,0.645,0.2708695652173913,0.16945526465393637,0.6,0.05221611100267387,0.002634181580011943,0.355,0.2643478260869565,0.055,0,0,0.015,0.0384615384615384,0.0234615384615384,0.0234615384615384,0.015,0,Information Processing,0.888888888888889,7,0.6730116670092565,1
252137,0.75,Will SAG end strike by Sep 30?,will-sag-end-strike-by-sep-30,368,276,0.75,1321201.0,990001.0,0.7493189908272851,0.495,0.075,0.24601449275362322,0.16427323073054495,0.6,0.04763411896928601,0.0002640401820750275,0.075,0.2390942028985507,0.055,0,0,0.015,0.0384615384615384,0.0234615384615384,0.0234615384615384,0.015,0,Information Processing,0.888888888888889,10,0.6931471805599453,1
252729,0.25,Will the Fed raise interest rates by 0 bps after its December meeting?,will-the-fed-raise-interest-rates-by-0-bps-after-its-december-meeting,1181,296,0.2506350550381033,4248000.0,1062000.0,0.25,0.8,0.925,0.6687162162162164,0.1799553820610906,0.43000000000000005,0.037689297001902766,0.000641365556619794,0.07499999999999996,0.3312837837837838,0.06999999999999995,0,1,0.954,0.9,-0.0539999999999999,0.0539999999999999,0.046,0,Information Processing,0.3827160493827161,7,0.6365141682948128,1
252729,0.5,Will the Fed raise interest rates by 0 bps after its December meeting?,will-the-fed-raise-interest-rates-by-0-bps-after-its-december-meeting,1181,591,0.5004233700254022,4248000.0,2124001.0,0.5000002354048965,0.8,0.9825,0.8035871404399324,0.1863896741078015,0.49,0.026759930601319946,0.0007877469765213894,0.01749999999999996,0.19641285956006765,0.010000000000000009,1,1,0.954,0.9,-0.0539999999999999,0.0539999999999999,0.046,0,Information Processing,0.3827160493827161,31,0.6730116670092565,1
252729,0.75,Will the Fed raise interest rates by 0 bps after its December meeting?,will-the-fed-raise-interest-rates-by-0-bps-after-its-december-meeting,1181,886,0.7502116850127011,4248000.0,3186000.0,0.75,0.8,0.9835,0.8640327313769753,0.17461728142610666,0.49,0.0218473908446599,0.0005064169852730296,0.01649999999999996,0.1359672686230248,0.010000000000000009,1,1,0.954,0.9,-0.0539999999999999,0.0539999999999999,0.046,0,Information Processing,0.3827160493827161,38,0.6884572217893625,1
252730,0.25,Will the Fed raise interest rates by 25 bps after its December meeting?,will-the-fed-raise-interest-rates-by-25-bps-after-its-december-meeting,1205,302,0.25062240663900415,4334401.0,1083600.0,0.2499999423219033,0.19,0.075,0.14274834437086092,0.0313679732861457,0.12,0.0038648256204403264,-0.00031560481519538714,0.075,0.14274834437086092,0.07,0,0,0.0155,0.0384615384615384,0.0229615384615384,0.0229615384615384,0.0155,0,Information Processing,0.631578947368421,10,0.6474466390346325,1
252730,0.5,Will the Fed raise interest rates by 25 bps after its December meeting?,will-the-fed-raise-interest-rates-by-25-bps-after-its-december-meeting,1205,603,0.5004149377593361,4334401.0,2167201.0,0.5000001153561934,0.19,0.0175,0.10086235489220564,0.05012847407130698,0.175,0.0033387058512064608,-0.0002733777538130561,0.0175,0.10086235489220564,0.015,1,0,0.0155,0.0384615384615384,0.0229615384615384,0.0229615384615384,0.0155,0,Information Processing,0.9210526315789473,34,0.6744087274254286,1
252730,0.75,Will the Fed raise interest rates by 25 bps after its December meeting?,will-the-fed-raise-interest-rates-by-25-bps-after-its-december-meeting,1205,904,0.750207468879668,4334401.0,3250801.0,0.7500000576780967,0.19,0.031,0.07275387168141592,0.057239636214652265,0.1825,0.0028749825647324664,-0.00020364990035496666,0.031,0.07275387168141592,0.0075,1,0,0.0155,0.0384615384615384,0.0229615384615384,0.0229615384615384,0.0155,0,Information Processing,0.9605263157894737,42,0.6829081047004717,1
253299,0.25,Fed rate cut by May 1?,fed-rate-cut-by-may-1,3508,877,0.25,12628800.0,3157200.0,0.25,0.475,0.79,0.7642189281641961,0.08554779142961295,0.505,0.012786677417287768,0.00024641019520253515,0.20999999999999996,0.23545039908779933,0.11499999999999999,0,0,0.007,0.0384615384615384,0.0314615384615384,0.0314615384615384,0.007,0,Information Processing,0.41984732824427484,66,0.6893616831435102,1
253299,0.5,Fed rate cut by May 1?,fed-rate-cut-by-may-1,3508,1754,0.5,12628800.0,6314399.0,0.4999999208159128,0.475,0.255,0.7153164196123147,0.13549490823673238,0.64,0.011387036764313685,-0.00011964804035670005,0.255,0.26145667046750287,0.11499999999999999,0,0,0.007,0.0384615384615384,0.0314615384615384,0.0314615384615384,0.007,0,Information Processing,0.7231638418079096,132,0.6916588387203568,1
253299,0.75,Fed rate cut by May 1?,fed-rate-cut-by-may-1,3508,2631,0.75,12628800.0,9471600.0,0.75,0.475,0.14,0.5362257696693272,0.27842234235007446,0.795,0.009853092242498952,-0.00031433498476671933,0.14,0.23365260357278603,0.09,0,0,0.007,0.0384615384615384,0.0314615384615384,0.0314615384615384,0.007,0,Information Processing,0.8983050847457628,197,0.6930368931998935,1
253361,0.25,Will the Fed raise interest rates by 0 bps after its January meeting?,will-the-fed-raise-interest-rates-by-0-bps-after-its-january-meeting,1272,318,0.25,4579200.0,1141201.0,0.24921405485674353,0.5,0.745,0.7219811320754717,0.08632346707471573,0.31999999999999995,0.027489102943844303,0.0004110965928099145,0.255,0.27801886792452823,0.18000000000000005,0,1,0.9925,0.9,-0.0925,0.0925,0.0074999999999999,0,Information Processing,0.3780487804878048,2,0.5623351446188083,1
253361,0.5,Will the Fed raise interest rates by 0 bps after its January meeting?,will-the-fed-raise-interest-rates-by-0-bps-after-its-january-meeting,1272,636,0.5,4579200.0,2286001.0,0.4992140548567435,0.5,0.745,0.7334905660377359,0.06206994966179429,0.31999999999999995,0.019410901049664073,0.00010567661003809317,0.255,0.2665094339622641,0.18000000000000005,0,1,0.9925,0.9,-0.0925,0.0925,0.0074999999999999,0,Information Processing,0.3780487804878048,2,0.5623351446188083,1
253361,0.75,Will the Fed raise interest rates by 0 bps after its January meeting?,will-the-fed-raise-interest-rates-by-0-bps-after-its-january-meeting,1272,954,0.75,4579200.0,3434400.0,0.75,0.5,0.83,0.7337316561844863,0.06517645194972413,0.42000000000000004,0.025135885519235315,2.9205929708862233e-05,0.17000000000000004,0.2662683438155136,0.07999999999999996,0,1,0.9925,0.9,-0.0925,0.0925,0.0074999999999999,0,Information Processing,0.4565217391304348,10,0.6774944044487072,1
253363,0.25,Will the Fed raise interest rates by 25 bps after its January meeting?,will-the-fed-raise-interest-rates-by-25-bps-after-its-january-meeting,1272,318,0.25,4579200.0,1141201.0,0.24921405485674353,0.5,0.015,0.10715408805031447,0.11304014319599653,0.495,0.03176421067903771,-0.0009581148979973765,0.015,0.10696540880503144,0.015,1,0,0.002,0.0384615384615384,0.0364615384615384,0.0364615384615384,0.002,0,Information Processing,0.9705882352941176,5,0.5982695885852573,1
253363,0.5,Will the Fed raise interest rates by 25 bps after its January meeting?,will-the-fed-raise-interest-rates-by-25-bps-after-its-january-meeting,1272,636,0.5,4579200.0,2286001.0,0.4992140548567435,0.5,0.0155,0.06560220125786165,0.09220439770302041,0.5025000000000001,0.026064651489692274,-0.00030709745928244556,0.0155,0.06550786163522013,0.0075,1,0,0.002,0.0384615384615384,0.0364615384615384,0.0364615384615384,0.002,0,Information Processing,0.9852941176470589,9,0.6474466390346325,1
253363,0.75,Will the Fed raise interest rates by 25 bps after its January meeting?,will-the-fed-raise-interest-rates-by-25-bps-after-its-january-meeting,1272,954,0.75,4579200.0,3434400.0,0.75,0.5,0.005,0.08320125786163521,0.12838860605290625,0.505,0.03170467370827935,-2.6874328584572776e-05,0.005,0.08313836477987421,0.005,1,0,0.002,0.0384615384615384,0.0364615384615384,0.0364615384615384,0.002,0,Information Processing,0.9901960784313726,17,0.6365141682948128,1
253364,0.25,Will the Fed decrease interest rates by 25 bps after its January meeting?,will-the-fed-decrease-interest-rates-by-25-bps-after-its-january-meeting,1272,318,0.25,4579200.0,1141201.0,0.24921405485674353,0.5,0.017,0.06790094339622643,0.09478191187825065,0.493,0.03657645765955931,-0.0004522324671299793,0.017,0.0675864779874214,0.017,1,0,0.0075,0.0384615384615384,0.0309615384615384,0.0309615384615384,0.0075,0,Information Processing,0.9666666666666667,7,0.605797499372304,1
253364,0.5,Will the Fed decrease interest rates by 25 bps after its January meeting?,will-the-fed-decrease-interest-rates-by-25-bps-after-its-january-meeting,1272,636,0.5,4579200.0,2286001.0,0.4992140548567435,0.5,0.0375,0.04416037735849058,0.07127251285728065,0.493,0.02586067041040046,-0.0001617522617883422,0.0375,0.04400314465408806,0.017,1,0,0.0075,0.0384615384615384,0.0309615384615384,0.0309615384615384,0.0075,0,Information Processing,0.9666666666666667,15,0.666278442414676,1
253364,0.75,Will the Fed decrease interest rates by 25 bps after its January meeting?,will-the-fed-decrease-interest-rates-by-25-bps-after-its-january-meeting,1272,954,0.75,4579200.0,3434400.0,0.75,0.5,0.0255,0.050478511530398326,0.08281215427446967,0.493,0.029455840324196264,-2.5533033578554255e-05,0.0255,0.05037368972746331,0.017,1,0,0.0075,0.0384615384615384,0.0309615384615384,0.0309615384615384,0.0075,0,Information Processing,0.9666666666666667,34,0.6816244336247836,1
253383,0.25,US inflation >0% from Oct to Nov 2023?,us-inflation-0-from-oct-to-nov-2023,4,2,0.5,10799.0,3599.0,0.3332715992221502,0.53,0.57,0.55,0.02828427124746185,0.039999999999999925,0.0,0.039999999999999925,0.43000000000000005,0.45,0.43000000000000005,0,1,0.565,0.6,0.035,0.035,0.435,1,Anchored / Noisy,0.0,0,-0.0,0
253383,0.5,US inflation >0% from Oct to Nov 2023?,us-inflation-0-from-oct-to-nov-2023,4,2,0.5,10799.0,3599.0,0.3332715992221502,0.53,0.57,0.55,0.02828427124746185,0.039999999999999925,0.0,0.039999999999999925,0.43000000000000005,0.45,0.43000000000000005,0,1,0.565,0.6,0.035,0.035,0.435,1,Anchored / Noisy,0.0,0,-0.0,0
253383,0.75,US inflation >0% from Oct to Nov 2023?,us-inflation-0-from-oct-to-nov-2023,4,3,0.75,10799.0,7199.0,0.6666357996110751,0.53,0.57,0.5566666666666666,0.023094010767584987,0.039999999999999925,0.02828427124746185,0.019999999999999962,0.43000000000000005,0.44333333333333336,0.43000000000000005,0,1,0.565,0.6,0.035,0.035,0.435,1,Anchored / Noisy,0.0,0,-0.0,0
253384,0.25,Elizabeth Warren crypto bill become law by June?,elizabeth-warren-crypto-bill-become-law-by-june,4825,1207,0.25015544041450777,17373601.0,4345200.0,0.2501035910747576,0.085,0.25,0.2029287489643745,0.07353923982951054,0.47000000000000003,0.019465949105643778,9.962713386763436e-05,0.25,0.20286246893123447,0.05,0,0,0.235,0.5,0.265,0.265,0.235,0,Information Processing,0.7019230769230769,4,0.6869615765973234,1
253384,0.5,Elizabeth Warren crypto bill become law by June?,elizabeth-warren-crypto-bill-become-law-by-june,4825,2413,0.5001036269430051,17373601.0,8686800.0,0.49999997122070433,0.085,0.25,0.19579569001243266,0.07382291424743044,0.47000000000000003,0.01442688789852367,2.0396245206256395e-05,0.25,0.19576253626191462,0.05,0,0,0.235,0.5,0.265,0.265,0.235,0,Information Processing,0.8076923076923077,7,0.6901856760188042,1
253384,0.75,Elizabeth Warren crypto bill become law by June?,elizabeth-warren-crypto-bill-become-law-by-june,4825,3619,0.7500518134715026,17373601.0,13032001.0,0.7501036198540533,0.085,0.22,0.212887537993921,0.06538353747621133,0.47000000000000003,0.011887989383892081,2.508772679080187e-05,0.22,0.21286543243990053,0.05,0,0,0.235,0.5,0.265,0.265,0.235,0,Information Processing,0.8076923076923077,10,0.6853142072764582,1
253390,0.25,Arévalo inaugurated in Guatemala in January?,arvalo-inaugurated-in-guatemala-in-january,830,208,0.25060240963855424,2988000.0,745200.0,0.2493975903614458,0.5,0.855,0.8200000000000001,0.10844754291922612,0.4600000000000001,0.06171560925017895,0.00034932363593690813,0.14500000000000002,0.17764423076923078,0.06499999999999995,0,1,0.775,0.6666666666666666,-0.1083333333333333,0.1083333333333333,0.2249999999999999,0,Information Processing,0.49197860962566853,30,0.6922788736563188,1
253390,0.5,Arévalo inaugurated in Guatemala in January?,arvalo-inaugurated-in-guatemala-in-january,830,415,0.5,2988000.0,1490400.0,0.4987951807228916,0.5,0.885,0.8419518072289158,0.08055767334431116,0.4600000000000001,0.04385113957616623,0.00021664836603940842,0.11499999999999999,0.1568674698795181,0.06499999999999995,0,1,0.775,0.6666666666666666,-0.1083333333333333,0.1083333333333333,0.2249999999999999,0,Information Processing,0.49197860962566853,34,0.6905939864775922,1
253390,0.75,Arévalo inaugurated in Guatemala in January?,arvalo-inaugurated-in-guatemala-in-january,830,623,0.7506024096385542,2988000.0,2239201.0,0.7493979250334672,0.5,0.915,0.8558747993579455,0.06956165271105742,0.4600000000000001,0.03602978082325036,0.0001553750135481773,0.08499999999999996,0.143338683788122,0.06499999999999995,0,1,0.775,0.6666666666666666,-0.1083333333333333,0.1083333333333333,0.2249999999999999,0,Information Processing,0.49197860962566853,38,0.6926267989248349,1
253391,0.25,"Will Biden be impeached by March 31, 2024?",will-biden-be-impeached-by-march-31-2024,2641,661,0.2502839833396441,9507601.0,2376000.0,0.24990531260199075,0.0805,0.069,0.19112481089258698,0.09175749868705604,0.437,0.022224183659566916,-9.484385472063215e-05,0.069,0.19108850226928895,0.069,0,0,0.0005,0.0384615384615384,0.0379615384615384,0.0379615384615384,0.0005,0,Information Processing,0.8636363636363636,10,0.6901856760188042,1
253391,0.5,"Will Biden be impeached by March 31, 2024?",will-biden-be-impeached-by-march-31-2024,2641,1321,0.5001893222264294,9507601.0,4755601.0,0.5001893747960184,0.0805,0.0545,0.13863058289174868,0.0980327373599309,0.4515,0.027113434920829495,-0.00014685173572781066,0.0545,0.1386124148372445,0.0545,0,0,0.0005,0.0384615384615384,0.0379615384615384,0.0379615384615384,0.0005,0,Information Processing,0.8922924901185771,18,0.6365141682948128,1
253391,0.75,"Will Biden be impeached by March 31, 2024?",will-biden-be-impeached-by-march-31-2024,2641,1981,0.7500946611132147,9507601.0,7131601.0,0.7500946873980092,0.0805,0.0335,0.10718980312973245,0.09179759006878105,0.4885,0.02215873512560151,-0.00010756630780538534,0.0335,0.10717768803634528,0.0175,1,0,0.0005,0.0384615384615384,0.0379615384615384,0.0379615384615384,0.0005,0,Information Processing,0.9654150197628458,28,0.6585450135382939,1
253399,0.25,Ceasefire between Russia and Ukraine by June 30?,ceasefire-between-russia-and-ukraine-by-june,4802,1201,0.25010412328196585,17290800.0,4323600.0,0.2500520508015823,0.19,0.165,0.2495129059117402,0.08059719830717013,0.48,0.028210818395330794,-0.00011493500286089938,0.165,0.24446711074104915,0.155,0,0,0.0005,0.0384615384615384,0.0379615384615384,0.0379615384615384,0.0005,0,Information Processing,0.7559055118110236,50,0.6789142479468148,1
253399,0.5,Ceasefire between Russia and Ukraine by June 30?,ceasefire-between-russia-and-ukraine-by-june,4802,2401,0.5,17290800.0,8643599.0,0.4998958405626113,0.19,0.125,0.19068513119533528,0.08249077715918629,0.52,0.020034081419771362,-9.039980739360265e-05,0.125,0.1881611828404831,0.115,0,0,0.0005,0.0384615384615384,0.0379615384615384,0.0379615384615384,0.0005,0,Information Processing,0.8188976377952756,67,0.6798376211857489,1
253399,0.75,Ceasefire between Russia and Ukraine by June 30?,ceasefire-between-russia-and-ukraine-by-june,4802,3602,0.7501041232819659,17290800.0,12970801.0,0.750156210238971,0.19,0.032,0.147767490283176,0.09303997212473784,0.605,0.016372016840067682,-7.776529577392648e-05,0.032,0.14608509161576902,0.03,1,0,0.0005,0.0384615384615384,0.0379615384615384,0.0379615384615384,0.0005,0,Information Processing,0.952755905511811,98,0.6833295117842461,1
253401,0.25,US Congress approve more Ukraine aid in 2023?,us-congress-approve-more-ukraine-aid-in-2023,437,110,0.2517162471395881,1569599.0,392399.0,0.2499995221709494,0.5,0.44,0.39063636363636356,0.1415269110645141,0.525,0.07204146005863725,0.0019074453936839264,0.44,0.3486363636363635,0.095,0,0,0.065,0.0384615384615384,-0.0265384615384615,0.0265384615384615,0.065,0,Information Processing,0.81,35,0.6913095073117435,1
253401,0.5,US Congress approve more Ukraine aid in 2023?,us-congress-approve-more-ukraine-aid-in-2023,437,219,0.5011441647597255,1569599.0,784800.0,0.5000003185527004,0.5,0.53,0.4511415525114156,0.12307908645399222,0.525,0.053695071453826085,0.0012203891370662768,0.47,0.4005022831050228,0.095,0,0,0.065,0.0384615384615384,-0.0265384615384615,0.0265384615384615,0.065,0,Information Processing,0.81,78,0.6897230659380849,1
253401,0.75,US Congress approve more Ukraine aid in 2023?,us-congress-approve-more-ukraine-aid-in-2023,437,328,0.7505720823798627,1569599.0,1177199.0,0.7499998407236498,0.5,0.15,0.5057012195121952,0.14486879774885747,0.755,0.05512326906323483,0.0011066594527243062,0.15,0.39054878048780484,0.095,0,0,0.065,0.0384615384615384,-0.0265384615384615,0.0265384615384615,0.065,0,Information Processing,0.8235294117647058,120,0.6906951757946529,1
253402,0.25,US inflation >0.2% from Nov to Dec 2023?,us-inflation-0pt2-from-nov-to-dec-2023,699,175,0.2503576537911302,2516400.0,626400.0,0.24892703862660945,0.5,0.385,0.28885714285714287,0.09698682896037904,0.3450000000000001,0.03542875242753438,6.022167487684738e-05,0.385,0.2882857142857143,0.205,0,1,0.455,0.4,-0.0549999999999999,0.0549999999999999,0.5449999999999999,0,Information Processing,0.6272727272727274,8,0.6859298002523728,1
253402,0.5,US inflation >0.2% from Nov to Dec 2023?,us-inflation-0pt2-from-nov-to-dec-2023,699,350,0.5007153075822603,2516400.0,1256400.0,0.49928469241773965,0.5,0.685,0.3994285714285715,0.1714110971445967,0.4800000000000001,0.0572596660036946,0.0012357050145015763,0.31499999999999995,0.3196857142857143,0.205,0,1,0.455,0.4,-0.0549999999999999,0.0549999999999999,0.5449999999999999,0,Information Processing,0.6272727272727274,34,0.6929932791588755,1
253402,0.75,US inflation >0.2% from Nov to Dec 2023?,us-inflation-0pt2-from-nov-to-dec-2023,699,525,0.7510729613733905,2516400.0,1886399.0,0.7496419488157685,0.5,0.415,0.4375333333333334,0.16532572906874468,0.4800000000000001,0.05843499455453922,0.000598489868184815,0.415,0.3443714285714285,0.205,0,1,0.455,0.4,-0.0549999999999999,0.0549999999999999,0.5449999999999999,0,Information Processing,0.6272727272727274,52,0.6920129648318738,1
253973,0.25,Will Pakistan strike Iran by Saturday?,will-pakistan-strike-iran-by-saturday,9,3,0.3333333333333333,28800.0,7200.0,0.25,0.2,0.23,0.25333333333333335,0.06806859285554046,0.13,0.16263455967290594,0.014999999999999998,0.23,0.25333333333333335,0.2,0,1,0.9995,0.9,-0.0995,0.0995,0.0004999999999999,0,Information Processing,0.30303030303030304,1,0.6931471805599453,1
253973,0.5,Will Pakistan strike Iran by Saturday?,will-pakistan-strike-iran-by-saturday,9,5,0.5555555555555556,28800.0,14400.0,0.5,0.2,0.16,0.22799999999999998,0.06300793600809346,0.17,0.1003327796219494,-0.019000000000000003,0.16,0.22799999999999998,0.16,0,1,0.9995,0.9,-0.0995,0.0995,0.0004999999999999,0,Information Processing,0.5151515151515151,1,0.5623351446188083,1
253973,0.75,Will Pakistan strike Iran by Saturday?,will-pakistan-strike-iran-by-saturday,9,7,0.7777777777777778,28800.0,21601.0,0.7500347222222222,0.2,0.99,0.38785714285714284,0.3014113626322165,0.83,0.23290913822060882,0.10035714285714284,0.010000000000000009,0.22357142857142856,0.010000000000000009,1,1,0.9995,0.9,-0.0995,0.0995,0.0004999999999999,0,Information Processing,0.5151515151515151,2,0.6931471805599453,1
254049,0.25,Will US attack Iran by February 15?,will-us-attack-iran-by-february-15,552,138,0.25,1983599.0,493199.0,0.24863845968867698,0.5,0.08,0.07318840579710147,0.06428421730502953,0.455,0.025009176074687788,-0.00100977421807397,0.08,0.07318840579710147,0.045,0,0,0.007,0.0384615384615384,0.0314615384615384,0.0314615384615384,0.007,0,Information Processing,0.91,7,0.5859526183035508,1
254049,0.5,Will US attack Iran by February 15?,will-us-attack-iran-by-february-15,552,276,0.5,1983599.0,989999.0,0.499092306459118,0.5,0.022,0.0915090579710145,0.07284099064163535,0.478,0.03863620088181498,-0.0001178320800216892,0.022,0.0915090579710145,0.022,1,0,0.007,0.0384615384615384,0.0314615384615384,0.0314615384615384,0.007,0,Information Processing,0.956,30,0.608556885905289,1
254049,0.75,Will US attack Iran by February 15?,will-us-attack-iran-by-february-15,552,414,0.75,1983599.0,1486799.0,0.749546153229559,0.5,0.0345,0.07332487922705315,0.06496601931194196,0.478,0.031530636060297886,-0.00020598410063033483,0.0345,0.07332487922705315,0.022,1,0,0.007,0.0384615384615384,0.0314615384615384,0.0314615384615384,0.007,0,Information Processing,0.956,42,0.652825793916348,1
254557,0.25,Ukraine aid package by March 31?,ukraine-aid-package-by-march-31,940,235,0.25,3380401.0,842400.0,0.24920120423582884,0.5,0.6,0.5709361702127658,0.053550999837170606,0.355,0.02420471214341008,0.00046058143083025873,0.4,0.42502127659574473,0.24,0,0,0.0055,0.0384615384615384,0.0329615384615384,0.0329615384615384,0.0055,0,Information Processing,0.40789473684210525,16,0.6615632381579821,1
254557,0.5,Ukraine aid package by March 31?,ukraine-aid-package-by-march-31,940,470,0.5,3380401.0,1688400.0,0.49946737088292187,0.5,0.355,0.5037765957446808,0.0996702617210469,0.45,0.018511960246561793,-0.0005153294761743911,0.355,0.4120744680851064,0.24,0,0,0.0055,0.0384615384615384,0.0329615384615384,0.0329615384615384,0.0055,0,Information Processing,0.5921052631578947,37,0.6931471805599453,1
254557,0.75,Ukraine aid package by March 31?,ukraine-aid-package-by-march-31,940,705,0.75,3380401.0,2534401.0,0.749733833352907,0.5,0.014,0.3829723404255319,0.19829458332610816,0.746,0.01585516300481393,-0.0008903357207631739,0.014,0.3218375886524823,0.014,1,0,0.0055,0.0384615384615384,0.0329615384615384,0.0329615384615384,0.0055,0,Information Processing,0.981578947368421,59,0.6903600056079885,1
254571,0.25,Russian nuke in space in 2024?,russian-nuke-in-space-in-2024,7516,1879,0.25,27061202.0,6764401.0,0.24996676053044503,0.245,0.13,0.14453964874933478,0.01200875603889915,0.125,0.0032900908630369243,2.7928545900619564e-06,0.13,0.14453964874933478,0.12,0,0,0.0035,0.0384615384615384,0.0349615384615384,0.0349615384615384,0.0035,0,Information Processing,0.5102040816326531,14,0.6730116670092565,1
254571,0.5,Russian nuke in space in 2024?,russian-nuke-in-space-in-2024,7516,3758,0.5,27061202.0,13532400.0,0.5000664789391099,0.245,0.107,0.15262493347525277,0.03274168583643177,0.265,0.0057277590201092994,4.235152525466398e-06,0.107,0.15262493347525277,0.035,0,0,0.0035,0.0384615384615384,0.0349615384615384,0.0349615384615384,0.0035,0,Information Processing,0.8833333333333334,98,0.674589929236806,1
254571,0.75,Russian nuke in space in 2024?,russian-nuke-in-space-in-2024,7516,5637,0.75,27061202.0,20293200.0,0.7499001707315145,0.245,0.048,0.120107237892496,0.05703134359905633,0.47650000000000003,0.009217298020666122,-2.1360508217642346e-05,0.048,0.1200973035302466,0.0305,1,0,0.0035,0.0384615384615384,0.0349615384615384,0.0349615384615384,0.0035,0,Information Processing,0.9053254437869823,350,0.6820148175994905,1
254572,0.25,Will Fed cut interest rates 0 times in 2024?,will-fed-cut-interest-rates-0-times-by-dec-meeting,4348,1087,0.25,15656398.0,3913198.0,0.24994241970598857,0.075,0.255,0.21188592456301747,0.11733745802531811,0.6000000000000001,0.02309208505944178,0.00033525242106987815,0.255,0.21025758969641212,0.065,0,0,0.0005,0.0384615384615384,0.0379615384615384,0.0379615384615384,0.0005,0,Information Processing,0.6691729323308271,80,0.6888807546065759,1
254572,0.5,Will Fed cut interest rates 0 times in 2024?,will-fed-cut-interest-rates-0-times-by-dec-meeting,4348,2174,0.5,15656398.0,7826399.0,0.49988503102693227,0.075,0.2,0.23679622815087395,0.09146871528692532,0.6000000000000001,0.017359244641699655,7.245544451513275e-05,0.2,0.23598206071757127,0.065,0,0,0.0005,0.0384615384615384,0.0379615384615384,0.0379615384615384,0.0005,0,Information Processing,0.8646616541353384,177,0.692883787371998,1
254572,0.75,Will Fed cut interest rates 0 times in 2024?,will-fed-cut-interest-rates-0-times-by-dec-meeting,4348,3261,0.75,15656398.0,11743198.0,0.750057452550708,0.075,0.0285,0.19611346212818156,0.09993807134416588,0.653,0.014389516089298343,-3.4718911988669095e-05,0.0285,0.19557068383931311,0.012,1,0,0.0005,0.0384615384615384,0.0379615384615384,0.0379615384615384,0.0005,0,Information Processing,0.9819548872180451,290,0.692371978676575,1
254573,0.25,Will Fed cut interest rates 1 time in 2024?,will-fed-cut-interest-rates-1-time-by-dec-meeting,4347,1087,0.2500575109270761,15652798.0,3913198.0,0.2499999041704876,0.15,0.345,0.23220331186752532,0.06799007394294618,0.265,0.006892190610928354,0.00020570227320903912,0.345,0.23220331186752532,0.13,0,0,0.0005,0.0384615384615384,0.0379615384615384,0.0379615384615384,0.0005,0,Information Processing,0.33928571428571436,58,0.6905410258652528,1
254573,0.5,Will Fed cut interest rates 1 time in 2024?,will-fed-cut-interest-rates-1-time-by-dec-meeting,4347,2174,0.5001150218541522,15652798.0,7826399.0,0.5,0.15,0.32,0.2691720331186752,0.06376877257005502,0.44499999999999995,0.010957533555830522,7.600135469643498e-05,0.32,0.2688270469181233,0.13,0,0,0.0005,0.0384615384615384,0.0379615384615384,0.0379615384615384,0.0005,0,Information Processing,0.591304347826087,129,0.6925205323062942,1
254573,0.75,Will Fed cut interest rates 1 time in 2024?,will-fed-cut-interest-rates-1-time-by-dec-meeting,4347,3261,0.7501725327812284,15652798.0,11743198.0,0.7502299588865837,0.15,0.044,0.2578673719717878,0.07548287679789663,0.5499999999999999,0.009894542949023078,-1.0089716214400496e-06,0.044,0.2576373811714198,0.025,1,0,0.0005,0.0384615384615384,0.0379615384615384,0.0379615384615384,0.0005,0,Information Processing,0.9565217391304347,254,0.6928716367250147,1
254576,0.25,Will Fed cut interest rates 2 times in 2024?,will-fed-cut-interest-rates-2-times-by-dec-meeting,5552,1388,0.25,19990798.0,4996799.0,0.24995495427446168,0.22,0.26,0.2454827089337176,0.038876401719821,0.4149999999999999,0.019027564997873527,-3.5941324540698483e-06,0.26,0.24484149855907783,0.165,0,0,0.0005,0.0384615384615384,0.0379615384615384,0.0379615384615384,0.0005,0,Information Processing,0.6379310344827587,59,0.6911573854864632,1
254576,0.5,Will Fed cut interest rates 2 times in 2024?,will-fed-cut-interest-rates-2-times-by-dec-meeting,5552,2776,0.5,19990798.0,9993598.0,0.49990990854892337,0.22,0.335,0.2757240634005763,0.05321855204724522,0.45499999999999996,0.01708180658368151,4.364389783637433e-05,0.335,0.27502881844380406,0.165,0,0,0.0005,0.0384615384615384,0.0379615384615384,0.0379615384615384,0.0005,0,Information Processing,0.6379310344827587,151,0.6931410248070864,1
254576,0.75,Will Fed cut interest rates 2 times in 2024?,will-fed-cut-interest-rates-2-times-by-dec-meeting,5552,4164,0.75,19990798.0,14993998.0,0.7500449957025227,0.22,0.085,0.25141930835734866,0.08093609470613877,0.575,0.015356336295730058,-1.775849084207294e-05,0.085,0.25091258405379446,0.045,0,0,0.0005,0.0384615384615384,0.0379615384615384,0.0379615384615384,0.0005,0,Information Processing,0.9274193548387096,329,0.6931457870291797,1
254577,0.25,Will Fed cut interest rates 3 times in 2024?,will-fed-cut-interest-rates-3-times-by-dec-meeting,6532,1633,0.25,23518800.0,5878799.0,0.24996169022229026,0.27,0.11,0.17263012859767302,0.09437562036438422,0.295,0.003874511794604561,-0.0001658921373454487,0.11,0.17263012859767302,0.05,0,0,0.0005,0.0384615384615384,0.0379615384615384,0.0379615384615384,0.0005,0,Information Processing,0.855072463768116,53,0.6789142479468148,1
254577,0.5,Will Fed cut interest rates 3 times in 2024?,will-fed-cut-interest-rates-3-times-by-dec-meeting,6532,3266,0.5,23518800.0,11761197.0,0.5000764069595387,0.27,0.245,0.17512094304960193,0.1029172153190797,0.405,0.005881926678471973,5.883266400908617e-06,0.245,0.17512094304960193,0.05,0,0,0.0005,0.0384615384615384,0.0379615384615384,0.0379615384615384,0.0005,0,Information Processing,0.855072463768116,201,0.692786254979048,1
254577,0.75,Will Fed cut interest rates 3 times in 2024?,will-fed-cut-interest-rates-3-times-by-dec-meeting,6532,4899,0.75,23518800.0,17636398.0,0.7498851131860469,0.27,0.192,0.1953080220453154,0.11344878278672194,0.42400000000000004,0.006512821081836733,1.1005152574943072e-05,0.192,0.1953080220453154,0.031,0,0,0.0005,0.0384615384615384,0.0379615384615384,0.0379615384615384,0.0005,0,Information Processing,0.9318681318681319,475,0.6929772798802876,1
254578,0.25,Will Fed cut interest rates 4 times in 2024?,will-fed-cut-interest-rates-4-times-by-dec-meeting,6532,1633,0.25,23518800.0,5878799.0,0.24996169022229026,0.16,0.0365,0.06901102265768523,0.05020715848592201,0.1625,0.0016009661894550783,-8.239189796830679e-05,0.0365,0.06901102265768523,0.0225,1,1,0.9995,0.9,-0.0995,0.0995,0.0004999999999999,0,Information Processing,0.8783783783783784,37,0.6632646807257363,1
254578,0.5,Will Fed cut interest rates 4 times in 2024?,will-fed-cut-interest-rates-4-times-by-dec-meeting,6532,3266,0.5,23518800.0,11761197.0,0.5000764069595387,0.16,0.2145,0.061215094917330064,0.04567540662700541,0.25,0.0022069228946393266,-1.1223464991611338e-05,0.2145,0.061215094917330064,0.0225,0,1,0.9995,0.9,-0.0995,0.0995,0.0004999999999999,0,Information Processing,0.8783783783783784,221,0.6896175903518429,1
254578,0.75,Will Fed cut interest rates 4 times in 2024?,will-fed-cut-interest-rates-4-times-by-dec-meeting,6532,4899,0.75,23518800.0,17636398.0,0.7498851131860469,0.16,0.661,0.14543804858134313,0.14625185794015824,0.6805,0.0042386861116317535,7.36600405345673e-05,0.33899999999999997,0.135087773014901,0.0225,0,1,0.9995,0.9,-0.0995,0.0995,0.0004999999999999,0,Information Processing,0.8783783783783784,640,0.69314238802097,1
254579,0.25,Will Fed cut interest rates 5 times in 2024?,will-fed-cut-interest-rates-5-times-by-dec-meeting,6532,1633,0.25,23518800.0,5878799.0,0.24996169022229026,0.045,0.0145,0.022773729332516836,0.011810224336985708,0.0405,0.0005276999093056071,-2.1821915443047552e-05,0.0145,0.022773729332516836,0.0095,1,0,0.0005,0.0384615384615384,0.0379615384615384,0.0379615384615384,0.0005,0,Information Processing,0.8099999999999999,32,0.6517565611726531,1
254579,0.5,Will Fed cut interest rates 5 times in 2024?,will-fed-cut-interest-rates-5-times-by-dec-meeting,6532,3266,0.5,23518800.0,11761197.0,0.5000764069595387,0.045,0.2115,0.024808787507654622,0.026161422200960047,0.3255,0.0044081294408118196,3.297555141983699e-06,0.2115,0.024808787507654622,0.0095,0,0,0.0005,0.0384615384615384,0.0379615384615384,0.0379615384615384,0.0005,0,Information Processing,0.8099999999999999,182,0.688778418972538,1
254579,0.75,Will Fed cut interest rates 5 times in 2024?,will-fed-cut-interest-rates-5-times-by-dec-meeting,6532,4899,0.75,23518800.0,17636398.0,0.7498851131860469,0.045,0.072,0.08931833027148398,0.11378167408543917,0.407,0.005245433288359527,5.807430671900964e-05,0.072,0.08931833027148398,0.0095,0,0,0.0005,0.0384615384615384,0.0379615384615384,0.0379615384615384,0.0005,0,Information Processing,0.8523409363745498,631,0.6925707475861247,1
254580,0.25,Will Fed cut interest rates 6+ times in 2024?,will-fed-cut-interest-rates-6-times-by-dec-meeting,6532,1633,0.25,23518800.0,5878799.0,0.24996169022229026,0.03,0.0255,0.029403245560318435,0.005219314666441826,0.023999999999999997,0.00044792428954817546,-7.68691676553544e-06,0.0255,0.029403245560318435,0.0205,1,0,0.0005,0.0384615384615384,0.0379615384615384,0.0379615384615384,0.0005,0,Information Processing,0.5393258426966292,53,0.6804382913330141,1
254580,0.5,Will Fed cut interest rates 6+ times in 2024?,will-fed-cut-interest-rates-6-times-by-dec-meeting,6532,3266,0.5,23518800.0,11761197.0,0.5000764069595387,0.03,0.1545,0.031790569503980404,0.013621769460257319,0.14150000000000001,0.001516807652427809,3.0687617117405273e-06,0.1545,0.031790569503980404,0.0205,0,0,0.0005,0.0384615384615384,0.0379615384615384,0.0379615384615384,0.0005,0,Information Processing,0.5393258426966292,218,0.6919289424825286,1
254580,0.75,Will Fed cut interest rates 6+ times in 2024?,will-fed-cut-interest-rates-6-times-by-dec-meeting,6532,4899,0.75,23518800.0,17636398.0,0.7498851131860469,0.03,0.0245,0.05492631149214126,0.044899886136846826,0.27899999999999997,0.003472675327137975,2.0665736032113997e-05,0.0245,0.05492631149214126,0.0205,1,0,0.0005,0.0384615384615384,0.0379615384615384,0.0379615384615384,0.0005,0,Information Processing,0.9248747913188647,656,0.691876880041445,1
254600,0.25,House control after 2024 election?,house-control-after-2024-election,6168,1542,0.25,22204799.0,5547599.0,0.24983783910856389,0.615,0.565,0.5509922178988327,0.015970281993538414,0.16999999999999998,0.00360810574441475,2.9720901831002116e-06,0.43500000000000005,0.4484111543450065,0.385,0,0,0.5,0.4,-0.0999999999999999,0.0999999999999999,0.5,1,Anchored / Noisy,0.2764227642276423,17,0.6853142072764582,0
254600,0.5,House control after 2024 election?,house-control-after-2024-election,6168,3084,0.5,22204799.0,11102399.0,0.49999997748234515,0.615,0.49,0.5513035019455252,0.017152177274832116,0.16999999999999998,0.0026699187054565793,-3.5873695673824227e-06,0.49,0.44805447470817117,0.385,0,0,0.5,0.4,-0.0999999999999999,0.0999999999999999,0.5,1,Anchored / Noisy,0.2764227642276423,23,0.6929389195380611,0
254600,0.75,House control after 2024 election?,house-control-after-2024-election,6168,4626,0.75,22204799.0,16657199.0,0.7501621158561265,0.615,0.625,0.5534522265456118,0.03631266011697782,0.20500000000000002,0.0025829649875311767,5.174580815073646e-06,0.375,0.44386294855166447,0.35,0,0,0.5,0.4,-0.0999999999999999,0.0999999999999999,0.5,1,Anchored / Noisy,0.2764227642276423,57,0.6910645689482917,0
254631,0.25,Will Gemini generate images of people again in February?,will-gemini-generate-images-of-people-again-in-february,150,38,0.25333333333333335,536401.0,133200.0,0.24832168470976004,0.5,0.295,0.46302631578947384,0.17774313182338178,0.5349999999999999,0.0914830265357686,-0.011708611445453551,0.295,0.3422368421052631,0.16,0,0,0.0075,0.0384615384615384,0.0309615384615384,0.0309615384615384,0.0075,0,Information Processing,0.7697841726618705,6,0.5859526183035508,1
254631,0.5,Will Gemini generate images of people again in February?,will-gemini-generate-images-of-people-again-in-february,150,75,0.5,536401.0,266400.0,0.4966433694195201,0.5,0.075,0.32893333333333336,0.19008051873772758,0.62,0.07046169868175266,-0.00744836415362731,0.075,0.2677333333333334,0.075,0,0,0.0075,0.0384615384615384,0.0309615384615384,0.0309615384615384,0.0075,0,Information Processing,0.8920863309352518,12,0.5763341277567499,1
254631,0.75,Will Gemini generate images of people again in February?,will-gemini-generate-images-of-people-again-in-february,150,113,0.7533333333333333,536401.0,403200.0,0.7516764510133277,0.5,0.021,0.2381548672566372,0.20122793889337748,0.6759999999999999,0.05741236326996089,-0.005454067968594049,0.021,0.19753539823008856,0.019,1,0,0.0075,0.0384615384615384,0.0309615384615384,0.0309615384615384,0.0075,0,Information Processing,0.9726618705035971,21,0.6274370336771098,1
255333,0.25,Will X remove likes + reposts counter in March?,will-x-remove-likes-reposts-counter-in-march,557,140,0.2513464991023339,2001600.0,500400.0,0.25,0.505,0.115,0.13121428571428573,0.034390224835472175,0.39,0.03116758760892515,-0.0003922940674815773,0.115,0.13114285714285714,0.115,0,0,0.05,0.0384615384615384,-0.0115384615384615,0.0115384615384615,0.05,0,Information Processing,0.7722772277227723,4,0.666278442414676,1
255333,0.5,Will X remove likes + reposts counter in March?,will-x-remove-likes-reposts-counter-in-march,557,279,0.5008976660682226,2001600.0,1000799.0,0.4999995003996803,0.505,0.065,0.11202508960573478,0.03345408237031982,0.445,0.0222598371652182,-0.0003011553890528131,0.065,0.11198924731182797,0.06,0,0,0.05,0.0384615384615384,-0.0115384615384615,0.0115384615384615,0.05,0,Information Processing,0.8811881188118812,8,0.6829081047004717,1
255333,0.75,Will X remove likes + reposts counter in March?,will-x-remove-likes-reposts-counter-in-march,557,418,0.7504488330341114,2001600.0,1501199.0,0.7499995003996802,0.505,0.065,0.09654306220095694,0.035118153595304014,0.445,0.018248796813266736,-0.00023689267060504,0.065,0.09651913875598085,0.06,0,0,0.05,0.0384615384615384,-0.0115384615384615,0.0115384615384615,0.05,0,Information Processing,0.8811881188118812,15,0.6884572217893625,1
255335,0.25,Fed rate cut by September 18?,fed-rate-cut-by-september-18,4634,1159,0.2501078981441519,16685999.0,4168800.0,0.24983820267518894,0.5,0.395,0.741397756686799,0.173498252055938,0.6405,0.01402185228981965,-0.00045485629704561007,0.395,0.23882916307161345,0.08450000000000002,0,1,0.9865,0.9,-0.0865,0.0865,0.0134999999999999,0,Information Processing,0.699617695248498,89,0.6846162778013047,1
255335,0.5,Fed rate cut by September 18?,fed-rate-cut-by-september-18,4634,2317,0.5,16685999.0,8341199.0,0.4998920951631365,0.5,0.535,0.6074473457056538,0.1932425957445545,0.7155,0.012752977394632064,-0.00022683496927456277,0.46499999999999997,0.32689188605955977,0.08450000000000002,0,1,0.9865,0.9,-0.0865,0.0865,0.0134999999999999,0,Information Processing,0.7815401419989078,217,0.6923746851374808,1
255335,0.75,Fed rate cut by September 18?,fed-rate-cut-by-september-18,4634,3476,0.7501078981441519,16685999.0,12517199.0,0.750161797324811,0.5,0.8495,0.6371308975834292,0.17673146881505017,0.7155,0.011250172375688563,-2.1145324861033045e-05,0.15049999999999997,0.3190932105868815,0.08450000000000002,0,1,0.9865,0.9,-0.0865,0.0865,0.0134999999999999,0,Information Processing,0.7815401419989078,424,0.6930158948076698,1
255336,0.25,Fed rate cut by November 7?,fed-rate-cut-by-november-7,4655,1164,0.25005370569280344,16761599.0,4186800.0,0.2497852382699288,0.875,0.54,0.8062250859106529,0.12780036367597153,0.4845,0.010608650379872126,-0.0003147437491161771,0.45999999999999996,0.19348281786941576,0.0655,0,1,0.9995,0.9,-0.0995,0.0995,0.0004999999999999,0,Information Processing,0.5184590690208668,76,0.6924403601598749,1
255336,0.5,Fed rate cut by November 7?,fed-rate-cut-by-november-7,4655,2328,0.5001074113856069,16761599.0,8380800.0,0.5000000298300896,0.875,0.75,0.7091310137457044,0.14289245904556153,0.6395,0.012805439134598093,-0.00014988028589737183,0.25,0.2847774914089347,0.0655,0,1,0.9995,0.9,-0.0995,0.0995,0.0004999999999999,0,Information Processing,0.6843231674692348,152,0.6930933009270208,1
255336,0.75,Fed rate cut by November 7?,fed-rate-cut-by-november-7,4655,3492,0.7501611170784103,16761599.0,12574799.0,0.7502147617300712,0.875,0.926,0.7440276345933562,0.13178073677408703,0.647,0.011407743247477392,1.4850850606871603e-06,0.07399999999999995,0.2519113688430699,0.05800000000000005,0,1,0.9995,0.9,-0.0995,0.0995,0.0004999999999999,0,Information Processing,0.6843231674692348,273,0.6931453938299887,1
255337,0.25,Fed rate cut by December 18?,fed-rate-cut-by-december-18,4655,1164,0.25005370569280344,16761599.0,4186800.0,0.2497852382699288,0.95,0.671,0.8421756872852234,0.09756020837365366,0.33499999999999996,0.009519346583128648,-0.00025420414135640977,0.32899999999999996,0.15782431271477662,0.050000000000000044,0,1,0.9995,0.9,-0.0995,0.0995,0.0004999999999999,0,Information Processing,0.3526315789473684,56,0.6886905739680003,1
255337,0.5,Fed rate cut by December 18?,fed-rate-cut-by-december-18,4655,2328,0.5001074113856069,16761599.0,8380800.0,0.5000000298300896,0.95,0.7825,0.7785635738831616,0.09887691230235875,0.5289999999999999,0.010487098349884882,-0.00010792081502082168,0.21750000000000003,0.22136855670103092,0.050000000000000044,0,1,0.9995,0.9,-0.0995,0.0995,0.0004999999999999,0,Information Processing,0.5568421052631578,123,0.6897012572591981,1
255337,0.75,Fed rate cut by December 18?,fed-rate-cut-by-december-18,4655,3492,0.7501611170784103,16761599.0,12574799.0,0.7502147617300712,0.95,0.949,0.8046149770904927,0.09394071581815235,0.5385,0.008703126594814774,3.347492987202601e-06,0.051000000000000045,0.1953397766323024,0.04049999999999998,0,1,0.9995,0.9,-0.0995,0.0995,0.0004999999999999,0,Information Processing,0.5568421052631578,248,0.692933723666763,1
255410,0.25,US inflation >0.4% from Feb to March 2024?,us-inflation-0pt4-from-feb-to-march-2024,8,2,0.25,25199.0,3599.0,0.14282312790190088,0.55,0.57,0.56,0.014142135623730885,0.019999999999999907,0.0,0.019999999999999907,0.43000000000000005,0.44,0.43000000000000005,0,0,0.535,0.6,0.0649999999999999,0.0649999999999999,0.535,1,Anchored / Noisy,0.0,0,-0.0,0
255410,0.5,US inflation >0.4% from Feb to March 2024?,us-inflation-0pt4-from-feb-to-march-2024,8,4,0.5,25199.0,10799.0,0.42854875193460057,0.55,0.555,0.5587500000000001,0.008539125638299625,0.019999999999999907,0.016072751268321504,0.0005000000000000115,0.44499999999999995,0.4412499999999999,0.43000000000000005,0,0,0.535,0.6,0.0649999999999999,0.0649999999999999,0.535,1,Anchored / Noisy,0.026315789473684043,1,0.6365141682948128,0
255410,0.75,US inflation >0.4% from Feb to March 2024?,us-inflation-0pt4-from-feb-to-march-2024,8,6,0.75,25199.0,17999.0,0.7142743759673003,0.55,0.53,0.5508333333333334,0.014288690166235189,0.039999999999999925,0.01387443692551156,-0.0055714285714285675,0.47,0.44916666666666655,0.43000000000000005,0,0,0.535,0.6,0.0649999999999999,0.0649999999999999,0.535,1,Anchored / Noisy,0.0701754385964911,1,0.5004024235381879,0
