fold,position_left,position_right,mean_abs_interaction,rank_within_fold
1,abs_r46,abs_r47,0.008380202881351578,1.0
1,abs_r41,abs_r42,0.0069336481908103455,2.0
1,abs_r44,abs_r52,0.006760791695211083,3.0
1,abs_r42,abs_r51,0.0057355303129006645,4.0
1,abs_r41,abs_r52,0.005658224913640879,5.0
1,abs_r49,abs_r52,0.005629733623427455,6.0
1,abs_r45,abs_r46,0.005590560275755706,7.0
1,abs_r48,abs_r50,0.0055219209766946735,8.0
1,abs_r46,abs_r49,0.005380809889786178,9.0
1,abs_r47,abs_r48,0.005170744575822028,10.0
1,abs_r42,abs_r52,0.0049692207318730655,11.0
1,abs_r42,abs_r45,0.004750252268189798,12.0
1,abs_r43,abs_r44,0.00472331473925442,13.0
1,abs_r41,abs_r48,0.004687797298829537,14.0
1,abs_r45,abs_r48,0.004537410775577883,15.0
1,abs_r42,abs_r49,0.004426115922280587,16.0
1,abs_r43,abs_r50,0.004398946783941937,17.0
1,abs_r43,abs_r47,0.004379741398894112,18.0
1,abs_r43,abs_r51,0.004262118861952331,19.0
1,abs_r47,abs_r51,0.00420043211261509,20.0
1,abs_r43,abs_r45,0.004049064830265707,21.0
1,abs_r49,abs_r50,0.003998760534625035,22.0
1,abs_r45,abs_r51,0.003948298370552948,23.0
1,abs_r45,abs_r52,0.0039419502422679215,24.0
1,abs_r46,abs_r48,0.0039152880977926545,25.0
1,abs_r43,abs_r46,0.0038997878847876564,26.0
1,abs_r50,abs_r51,0.003813230531028239,27.0
1,abs_r45,abs_r47,0.00381048183637904,28.0
1,abs_r41,abs_r44,0.0037296872555307344,29.0
1,abs_r43,abs_r49,0.0036509951312618796,30.0
1,abs_r41,abs_r49,0.003571834133559605,31.0
1,abs_r42,abs_r43,0.003490875171286461,32.0
1,abs_r46,abs_r52,0.003266772479051724,33.0
1,abs_r44,abs_r51,0.003159783775408869,34.0
1,abs_r41,abs_r45,0.00315011266732472,35.0
1,abs_r45,abs_r50,0.003111655886415974,36.0
1,abs_r42,abs_r50,0.002955936294958519,37.0
1,abs_r44,abs_r50,0.002877932239571237,38.0
1,abs_r42,abs_r44,0.002802304684497358,39.0
1,abs_r47,abs_r52,0.002781169381327345,40.0
1,abs_r48,abs_r52,0.002766747732501244,41.0
1,abs_r45,abs_r49,0.002684726814433816,42.0
1,abs_r41,abs_r50,0.002615613694382773,43.0
1,abs_r48,abs_r49,0.002577493333177699,44.0
1,abs_r46,abs_r50,0.0025507790140691213,45.0
1,abs_r47,abs_r49,0.0025050644550065043,46.0
1,abs_r44,abs_r49,0.002419575636769878,47.0
1,abs_r44,abs_r45,0.0023846251238355764,48.0
1,abs_r41,abs_r46,0.002376470712319133,49.0
1,abs_r50,abs_r52,0.0023475301483558723,50.0
1,abs_r41,abs_r47,0.0023382965278215123,51.0
1,abs_r43,abs_r48,0.0023004216548870317,52.0
1,abs_r42,abs_r47,0.0022582763372483894,53.0
1,abs_r49,abs_r51,0.0021689586160682666,54.0
1,abs_r43,abs_r52,0.0020711461307073476,55.0
1,abs_r46,abs_r51,0.0019989765666068708,56.0
1,abs_r41,abs_r51,0.0019274665922494024,57.0
1,abs_r44,abs_r47,0.0019006287680385866,58.0
1,abs_r44,abs_r46,0.0018820514903873117,59.0
1,abs_r42,abs_r46,0.0018646389993446065,60.0
1,abs_r44,abs_r48,0.0018284126104845199,61.0
1,abs_r51,abs_r52,0.0018160990246688016,62.0
1,abs_r42,abs_r48,0.00179149345728365,63.0
1,abs_r41,abs_r43,0.0013473508802053402,64.0
1,abs_r47,abs_r50,0.001302424950823479,65.0
1,abs_r48,abs_r51,0.0012975522540946258,66.0
2,abs_r42,abs_r44,0.006450695096827985,1.0
2,abs_r45,abs_r46,0.006446678041269479,2.0
2,abs_r47,abs_r48,0.00620090632969368,3.0
2,abs_r48,abs_r50,0.006111015288362978,4.0
2,abs_r41,abs_r42,0.005987645876186434,5.0
2,abs_r45,abs_r52,0.005709488742228132,6.0
2,abs_r46,abs_r47,0.0055324486474855805,7.0
2,abs_r41,abs_r52,0.005147674679581542,8.0
2,abs_r43,abs_r47,0.005124651765188901,9.0
2,abs_r41,abs_r49,0.004999469916161616,10.0
2,abs_r41,abs_r51,0.004917925498491968,11.0
2,abs_r43,abs_r44,0.004725374585526879,12.0
2,abs_r44,abs_r51,0.004724504284444265,13.0
2,abs_r47,abs_r51,0.004402931822303799,14.0
2,abs_r41,abs_r48,0.004397515961900353,15.0
2,abs_r44,abs_r49,0.00433401742609567,16.0
2,abs_r49,abs_r52,0.004321889480714163,17.0
2,abs_r42,abs_r45,0.004167796141351573,18.0
2,abs_r42,abs_r50,0.004150993034359999,19.0
2,abs_r47,abs_r49,0.00403931859730801,20.0
2,abs_r44,abs_r52,0.0040217577997245825,21.0
2,abs_r42,abs_r52,0.003984158775652759,22.0
2,abs_r43,abs_r48,0.00392737167217274,23.0
2,abs_r48,abs_r49,0.00391238272775081,24.0
2,abs_r42,abs_r43,0.003856030193317565,25.0
2,abs_r43,abs_r51,0.003789276201510802,26.0
2,abs_r41,abs_r44,0.003739689393725712,27.0
2,abs_r43,abs_r46,0.003695774053790956,28.0
2,abs_r44,abs_r50,0.003634516644262476,29.0
2,abs_r46,abs_r49,0.0035274585476727225,30.0
2,abs_r43,abs_r50,0.0034294115690281617,31.0
2,abs_r41,abs_r47,0.0033515609228634276,32.0
2,abs_r42,abs_r46,0.003322142689547036,33.0
2,abs_r45,abs_r50,0.003321539958138601,34.0
2,abs_r49,abs_r50,0.0032271900400955927,35.0
2,abs_r42,abs_r49,0.003178788949895534,36.0
2,abs_r43,abs_r45,0.003157902184815612,37.0
2,abs_r42,abs_r51,0.0031028547590540257,38.0
2,abs_r46,abs_r48,0.0031003636891255154,39.0
2,abs_r45,abs_r47,0.002992445773583313,40.0
2,abs_r49,abs_r51,0.0029094056471803925,41.0
2,abs_r50,abs_r51,0.002851911177363945,42.0
2,abs_r45,abs_r48,0.0028273021860659355,43.0
2,abs_r46,abs_r51,0.0027896249529148916,44.0
2,abs_r43,abs_r49,0.002788717530522263,45.0
2,abs_r46,abs_r50,0.0027646259935281705,46.0
2,abs_r41,abs_r50,0.0026749492840172024,47.0
2,abs_r45,abs_r49,0.002659715939538728,48.0
2,abs_r48,abs_r52,0.002653511710370367,49.0
2,abs_r46,abs_r52,0.002594362921328866,50.0
2,abs_r47,abs_r52,0.0025477838924416575,51.0
2,abs_r45,abs_r51,0.002521105044201249,52.0
2,abs_r51,abs_r52,0.0024868611488186618,53.0
2,abs_r41,abs_r46,0.0024105337491428145,54.0
2,abs_r48,abs_r51,0.002359895755245816,55.0
2,abs_r42,abs_r48,0.002167028588788526,56.0
2,abs_r50,abs_r52,0.0020663542531256097,57.0
2,abs_r44,abs_r48,0.0019288160780852196,58.0
2,abs_r42,abs_r47,0.0017581095290079248,59.0
2,abs_r44,abs_r47,0.001720193717526854,60.0
2,abs_r44,abs_r46,0.0016495534470814164,61.0
2,abs_r41,abs_r43,0.0015869425045857497,62.0
2,abs_r47,abs_r50,0.0015011120044218843,63.0
2,abs_r44,abs_r45,0.0014909419814939612,64.0
2,abs_r43,abs_r52,0.0011088258187228349,65.0
2,abs_r41,abs_r45,0.0006395646727178246,66.0
3,abs_r47,abs_r48,0.00681374965957366,1.0
3,abs_r45,abs_r46,0.006649947701575002,2.0
3,abs_r45,abs_r52,0.006163670582638588,3.0
3,abs_r45,abs_r48,0.006112465026220889,4.0
3,abs_r43,abs_r47,0.005266639535984723,5.0
3,abs_r41,abs_r42,0.005230566442769487,6.0
3,abs_r50,abs_r51,0.004749192696210229,7.0
3,abs_r48,abs_r50,0.004703584531031083,8.0
3,abs_r46,abs_r47,0.004630196642887313,9.0
3,abs_r41,abs_r52,0.00462324543647992,10.0
3,abs_r42,abs_r52,0.004566201994923177,11.0
3,abs_r49,abs_r52,0.004466195057349978,12.0
3,abs_r42,abs_r44,0.004420784980888129,13.0
3,abs_r43,abs_r44,0.004409978173207492,14.0
3,abs_r43,abs_r46,0.004394430707019638,15.0
3,abs_r41,abs_r49,0.00428101648268057,16.0
3,abs_r44,abs_r52,0.004236494059106917,17.0
3,abs_r49,abs_r50,0.004227741402981337,18.0
3,abs_r41,abs_r51,0.004039699658504105,19.0
3,abs_r41,abs_r44,0.004017801396897994,20.0
3,abs_r46,abs_r48,0.003944596428234945,21.0
3,abs_r43,abs_r51,0.003890854953438975,22.0
3,abs_r44,abs_r49,0.003686930869167554,23.0
3,abs_r47,abs_r49,0.0036851793342502787,24.0
3,abs_r48,abs_r49,0.0036073413204576353,25.0
3,abs_r41,abs_r47,0.003604470446749474,26.0
3,abs_r42,abs_r51,0.0034887489552784244,27.0
3,abs_r43,abs_r48,0.0033589275293779792,28.0
3,abs_r41,abs_r48,0.003344732618134003,29.0
3,abs_r42,abs_r45,0.003326782773816376,30.0
3,abs_r45,abs_r50,0.003270826544801821,31.0
3,abs_r42,abs_r46,0.003210618412354961,32.0
3,abs_r47,abs_r51,0.00315048344546085,33.0
3,abs_r42,abs_r50,0.003142582420783583,34.0
3,abs_r49,abs_r51,0.0031020680434958193,35.0
3,abs_r46,abs_r52,0.0030544690056703984,36.0
3,abs_r45,abs_r51,0.002914397367660058,37.0
3,abs_r44,abs_r50,0.002897099291833001,38.0
3,abs_r43,abs_r52,0.0027622702531079997,39.0
3,abs_r41,abs_r43,0.002740007204527501,40.0
3,abs_r46,abs_r51,0.002669244220131077,41.0
3,abs_r42,abs_r49,0.002608618110483803,42.0
3,abs_r44,abs_r51,0.002587866547459271,43.0
3,abs_r48,abs_r52,0.0025785544972168283,44.0
3,abs_r51,abs_r52,0.002470004455099115,45.0
3,abs_r41,abs_r50,0.002449311730786576,46.0
3,abs_r46,abs_r49,0.0024059790571009216,47.0
3,abs_r45,abs_r47,0.002387934184189362,48.0
3,abs_r43,abs_r45,0.002317846245598048,49.0
3,abs_r46,abs_r50,0.0022191568671769348,50.0
3,abs_r42,abs_r48,0.0022008372806994886,51.0
3,abs_r47,abs_r52,0.002181236786651425,52.0
3,abs_r43,abs_r49,0.002178984579513781,53.0
3,abs_r41,abs_r46,0.0021568682921497386,54.0
3,abs_r43,abs_r50,0.002154786167171551,55.0
3,abs_r44,abs_r48,0.0020525266919867134,56.0
3,abs_r47,abs_r50,0.002051776863881969,57.0
3,abs_r45,abs_r49,0.0019304181362094824,58.0
3,abs_r50,abs_r52,0.0019180446199752624,59.0
3,abs_r42,abs_r47,0.0018171853393869242,60.0
3,abs_r44,abs_r47,0.0016695210765174124,61.0
3,abs_r44,abs_r46,0.0014464209901052527,62.0
3,abs_r44,abs_r45,0.001373348983215692,63.0
3,abs_r41,abs_r45,0.0013384799948253203,64.0
3,abs_r48,abs_r51,0.001235712156372756,65.0
3,abs_r42,abs_r43,0.0011141438347112853,66.0
