fold,output_index,output_label,feature,feature_group,mean_abs_shap,raw_allocation_share,mask_allocation_share,rank_within_fold,top10_membership_count,stable_top10,mean_abs_shap_macro,median_rank,min_rank,max_rank
1,0,-1,r46,raw_return,0.04003662334496039,1.0000000000000002,0.0,1.0,3.0,True,0.032224151680004066,3.0,1.0,4.0
1,0,-1,r52,raw_return,0.03872358234671992,1.0000000000000002,0.0,2.0,3.0,True,0.03589045330908751,1.0,1.0,2.0
1,0,-1,r50,raw_return,0.03841962403873913,1.0000000000000002,0.0,3.0,2.0,False,0.02636419307717733,8.0,3.0,16.0
1,0,-1,r18,raw_return,0.037823874460704246,1.0000000000000002,0.0,4.0,2.0,False,0.028284219078745083,6.0,4.0,11.0
1,0,-1,r47,raw_return,0.033111539551733585,1.0000000000000002,0.0,5.0,2.0,False,0.02464759517383573,6.0,5.0,13.0
1,0,-1,r40,raw_return,0.029620446540764532,1.0000000000000002,0.0,6.0,2.0,False,0.022419181768103345,9.0,6.0,19.0
1,0,-1,r11,raw_return,0.025775742476820598,1.0000000000000002,0.0,7.0,2.0,False,0.0220353657754143,10.0,7.0,12.0
1,0,-1,r33,raw_return,0.024492473512222203,1.0000000000000002,0.0,8.0,3.0,True,0.025100022861777687,5.0,3.0,8.0
1,0,-1,r48,raw_return,0.02387028300021484,1.0000000000000002,0.0,9.0,3.0,True,0.025740706443185143,9.0,2.0,10.0
1,0,-1,r41,raw_return,0.02379644558270229,1.0000000000000002,0.0,10.0,1.0,False,0.01487876215739622,21.0,10.0,31.0
1,0,-1,r49,raw_return,0.02204049743084033,1.0000000000000002,0.0,11.0,2.0,False,0.025417891797371944,5.0,4.0,11.0
1,0,-1,r29,raw_return,0.021982178390702756,1.0000000000000002,0.0,12.0,2.0,False,0.026258739056166328,7.0,2.0,12.0
1,0,-1,r24,raw_return,0.021968168721490655,1.0000000000000002,0.0,13.0,0.0,False,0.02053303245785355,13.0,12.0,13.0
1,0,-1,r51,raw_return,0.021690211814595385,1.0000000000000002,0.0,14.0,1.0,False,0.020009749350472703,14.0,9.0,14.0
1,0,-1,r19,raw_return,0.02062243023458723,1.0000000000000002,0.0,15.0,1.0,False,0.020708152591039836,11.0,8.0,15.0
1,0,-1,r43,raw_return,0.01929482647363693,1.0000000000000002,0.0,16.0,1.0,False,0.019678273654106307,15.0,7.0,16.0
1,0,-1,r30,raw_return,0.01760946717637489,1.0000000000000002,0.0,17.0,0.0,False,0.009466495558452455,33.0,17.0,38.0
1,0,-1,r35,raw_return,0.016438008242652357,1.0000000000000002,0.0,18.0,0.0,False,0.013612961867138437,20.0,18.0,25.0
1,0,-1,r7,raw_return,0.015661081919337447,1.0000000000000002,0.0,19.0,0.0,False,0.015832604531092025,18.0,17.0,19.0
1,0,-1,r2,raw_return,0.015119050768225862,1.0000000000000002,0.0,20.0,0.0,False,0.012585677665105321,20.0,20.0,24.0
1,0,-1,r0,raw_return,0.013562698068944883,1.0000000000000002,0.0,21.0,0.0,False,0.011436275167429814,24.0,21.0,26.0
1,0,-1,r45,raw_return,0.012432977742209915,1.0000000000000002,0.0,22.0,0.0,False,0.01017987850085107,25.0,22.0,29.0
1,0,-1,r4,raw_return,0.012315222487421125,1.0000000000000002,0.0,23.0,0.0,False,0.011213233637967885,23.0,22.0,28.0
1,0,-1,r39,raw_return,0.01169664583089616,1.0000000000000002,0.0,24.0,0.0,False,0.006289962405854264,37.0,24.0,41.0
1,0,-1,r17,raw_return,0.010346188658346364,1.0000000000000002,0.0,25.0,0.0,False,0.010132350953323719,26.0,25.0,27.0
1,0,-1,r14,raw_return,0.00991419703136853,1.0000000000000002,0.0,26.0,0.0,False,0.008719823359733104,30.0,26.0,32.0
1,0,-1,r31,raw_return,0.00943894513705527,1.0000000000000002,0.0,27.0,0.0,False,0.014299843935631848,19.0,14.0,27.0
1,0,-1,r20,raw_return,0.009174218081214349,1.0000000000000002,0.0,28.0,0.0,False,0.007853817948189923,31.0,28.0,34.0
1,0,-1,r26,raw_return,0.007400978108551498,1.0000000000000002,0.0,29.0,0.0,False,0.014467696987168285,16.0,15.0,29.0
1,0,-1,r25,raw_return,0.006609889106475748,1.0000000000000002,0.0,30.0,0.0,False,0.007396775411999897,30.0,21.0,39.0
1,0,-1,r34,raw_return,0.006505386512581026,1.0000000000000002,0.0,31.0,0.0,False,0.009974541021886276,28.0,18.0,31.0
1,0,-1,r16,raw_return,0.006271427076753753,1.0000000000000002,0.0,32.0,0.0,False,0.0030998926007682714,47.0,32.0,48.0
1,0,-1,r38,raw_return,0.00618700860347235,1.0000000000000002,0.0,33.0,0.0,False,0.005457063723613222,33.0,33.0,46.0
1,0,-1,r1,raw_return,0.006012464171482861,1.0000000000000002,0.0,34.0,0.0,False,0.006484744063182006,34.0,32.0,35.0
1,0,-1,r42,raw_return,0.005926559542984023,1.0000000000000002,0.0,35.0,0.0,False,0.010556304642334528,29.0,17.0,35.0
1,0,-1,r8,raw_return,0.005899285410777338,1.0000000000000002,0.0,36.0,0.0,False,0.006072527701392574,35.0,30.0,36.0
1,0,-1,r44,raw_return,0.0046198443104112814,1.0000000000000002,0.0,37.0,0.0,False,0.00604935695012379,37.0,23.0,40.0
1,0,-1,r27,raw_return,0.004365926644859428,1.0000000000000002,0.0,38.0,0.0,False,0.005099432794448149,38.0,27.0,51.0
1,0,-1,r21,raw_return,0.0038632329262472923,1.0000000000000002,0.0,39.0,0.0,False,0.005211571284777772,36.0,34.0,39.0
1,0,-1,r22,raw_return,0.003536341183022159,1.0000000000000002,0.0,40.0,0.0,False,0.003953474316055993,38.0,36.0,40.0
1,0,-1,r15,raw_return,0.0031040391350520623,1.0000000000000002,0.0,41.0,0.0,False,0.009146651924233537,23.0,22.0,41.0
1,0,-1,r28,raw_return,0.00282401084085177,1.0000000000000002,0.0,42.0,0.0,False,0.0028197489182881937,42.0,42.0,45.0
1,0,-1,r37,raw_return,0.002623672371631983,1.0000000000000002,0.0,43.0,0.0,False,0.002977983031352778,43.0,39.0,43.0
1,0,-1,r32,raw_return,0.0025580941447310578,1.0000000000000002,0.0,44.0,0.0,False,0.0023715407918072436,44.0,42.0,49.0
1,0,-1,r36,raw_return,0.002287987597657775,1.0000000000000002,0.0,45.0,0.0,False,0.0025442608306145,45.0,43.0,45.0
1,0,-1,r5,raw_return,0.002176137883440788,1.0000000000000002,0.0,46.0,0.0,False,0.0012971840582767982,50.0,46.0,51.0
1,0,-1,r6,raw_return,0.0020323879975549064,1.0000000000000002,0.0,47.0,0.0,False,0.0026333764423367638,44.0,41.0,47.0
1,0,-1,r9,raw_return,0.0017652119027661683,1.0000000000000002,0.0,48.0,0.0,False,0.0026495427854903637,46.0,37.0,48.0
1,0,-1,r10,raw_return,0.0017463729437458824,1.0000000000000002,0.0,49.0,0.0,False,0.002572455397057941,44.0,40.0,49.0
1,0,-1,r13,raw_return,0.0014857504254905507,1.0000000000000002,0.0,50.0,0.0,False,0.0014082583624537316,49.0,48.0,50.0
1,0,-1,r3,raw_return,0.0012291374491860553,1.0000000000000002,0.0,51.0,0.0,False,0.0007797594931036353,52.0,51.0,52.0
1,0,-1,r12,raw_return,0.0009881144583268906,1.0000000000000002,0.0,52.0,0.0,False,0.001139113711507586,50.0,47.0,52.0
1,0,-1,r23,raw_return,0.0002216290984333682,1.0000000000000002,0.0,53.0,0.0,False,0.00037270627639099987,53.0,53.0,53.0
1,0,-1,m0,mask,0.0,1.0000000000000002,0.0,54.0,0.0,False,0.0,54.0,54.0,54.0
1,0,-1,m1,mask,0.0,1.0000000000000002,0.0,55.0,0.0,False,0.0,55.0,55.0,55.0
1,0,-1,m2,mask,0.0,1.0000000000000002,0.0,56.0,0.0,False,0.0,56.0,56.0,56.0
1,0,-1,m3,mask,0.0,1.0000000000000002,0.0,57.0,0.0,False,0.0,57.0,57.0,57.0
1,0,-1,m4,mask,0.0,1.0000000000000002,0.0,58.0,0.0,False,0.0,58.0,58.0,58.0
1,0,-1,m5,mask,0.0,1.0000000000000002,0.0,59.0,0.0,False,0.0,59.0,59.0,59.0
1,0,-1,m6,mask,0.0,1.0000000000000002,0.0,60.0,0.0,False,0.0,60.0,60.0,60.0
1,0,-1,m7,mask,0.0,1.0000000000000002,0.0,61.0,0.0,False,0.0,61.0,61.0,61.0
1,0,-1,m8,mask,0.0,1.0000000000000002,0.0,62.0,0.0,False,0.0,62.0,62.0,62.0
1,0,-1,m9,mask,0.0,1.0000000000000002,0.0,63.0,0.0,False,0.0,63.0,63.0,63.0
1,0,-1,m10,mask,0.0,1.0000000000000002,0.0,64.0,0.0,False,0.0,64.0,64.0,64.0
1,0,-1,m11,mask,0.0,1.0000000000000002,0.0,65.0,0.0,False,0.0,65.0,65.0,65.0
1,0,-1,m12,mask,0.0,1.0000000000000002,0.0,66.0,0.0,False,0.0,66.0,66.0,66.0
1,0,-1,m13,mask,0.0,1.0000000000000002,0.0,67.0,0.0,False,0.0,67.0,67.0,67.0
1,0,-1,m14,mask,0.0,1.0000000000000002,0.0,68.0,0.0,False,0.0,68.0,68.0,68.0
1,0,-1,m15,mask,0.0,1.0000000000000002,0.0,69.0,0.0,False,0.0,69.0,69.0,69.0
1,0,-1,m16,mask,0.0,1.0000000000000002,0.0,70.0,0.0,False,0.0,70.0,70.0,70.0
1,0,-1,m17,mask,0.0,1.0000000000000002,0.0,71.0,0.0,False,0.0,71.0,71.0,71.0
1,0,-1,m18,mask,0.0,1.0000000000000002,0.0,72.0,0.0,False,0.0,72.0,72.0,72.0
1,0,-1,m19,mask,0.0,1.0000000000000002,0.0,73.0,0.0,False,0.0,73.0,73.0,73.0
1,0,-1,m20,mask,0.0,1.0000000000000002,0.0,74.0,0.0,False,0.0,74.0,74.0,74.0
1,0,-1,m21,mask,0.0,1.0000000000000002,0.0,75.0,0.0,False,0.0,75.0,75.0,75.0
1,0,-1,m22,mask,0.0,1.0000000000000002,0.0,76.0,0.0,False,0.0,76.0,76.0,76.0
1,0,-1,m23,mask,0.0,1.0000000000000002,0.0,77.0,0.0,False,0.0,77.0,77.0,77.0
1,0,-1,m24,mask,0.0,1.0000000000000002,0.0,78.0,0.0,False,0.0,78.0,78.0,78.0
1,0,-1,m25,mask,0.0,1.0000000000000002,0.0,79.0,0.0,False,0.0,79.0,79.0,79.0
1,0,-1,m26,mask,0.0,1.0000000000000002,0.0,80.0,0.0,False,0.0,80.0,80.0,80.0
1,0,-1,m27,mask,0.0,1.0000000000000002,0.0,81.0,0.0,False,0.0,81.0,81.0,81.0
1,0,-1,m28,mask,0.0,1.0000000000000002,0.0,82.0,0.0,False,0.0,82.0,82.0,82.0
1,0,-1,m29,mask,0.0,1.0000000000000002,0.0,83.0,0.0,False,0.0,83.0,83.0,83.0
1,0,-1,m30,mask,0.0,1.0000000000000002,0.0,84.0,0.0,False,0.0,84.0,84.0,84.0
1,0,-1,m31,mask,0.0,1.0000000000000002,0.0,85.0,0.0,False,0.0,85.0,85.0,85.0
1,0,-1,m32,mask,0.0,1.0000000000000002,0.0,86.0,0.0,False,0.0,86.0,86.0,86.0
1,0,-1,m33,mask,0.0,1.0000000000000002,0.0,87.0,0.0,False,0.0,87.0,87.0,87.0
1,0,-1,m34,mask,0.0,1.0000000000000002,0.0,88.0,0.0,False,0.0,88.0,88.0,88.0
1,0,-1,m35,mask,0.0,1.0000000000000002,0.0,89.0,0.0,False,0.0,89.0,89.0,89.0
1,0,-1,m36,mask,0.0,1.0000000000000002,0.0,90.0,0.0,False,0.0,90.0,90.0,90.0
1,0,-1,m37,mask,0.0,1.0000000000000002,0.0,91.0,0.0,False,0.0,91.0,91.0,91.0
1,0,-1,m38,mask,0.0,1.0000000000000002,0.0,92.0,0.0,False,0.0,92.0,92.0,92.0
1,0,-1,m39,mask,0.0,1.0000000000000002,0.0,93.0,0.0,False,0.0,93.0,93.0,93.0
1,0,-1,m40,mask,0.0,1.0000000000000002,0.0,94.0,0.0,False,0.0,94.0,94.0,94.0
1,0,-1,m41,mask,0.0,1.0000000000000002,0.0,95.0,0.0,False,0.0,95.0,95.0,95.0
1,0,-1,m42,mask,0.0,1.0000000000000002,0.0,96.0,0.0,False,0.0,96.0,96.0,96.0
1,0,-1,m43,mask,0.0,1.0000000000000002,0.0,97.0,0.0,False,0.0,97.0,97.0,97.0
1,0,-1,m44,mask,0.0,1.0000000000000002,0.0,98.0,0.0,False,0.0,98.0,98.0,98.0
1,0,-1,m45,mask,0.0,1.0000000000000002,0.0,99.0,0.0,False,0.0,99.0,99.0,99.0
1,0,-1,m46,mask,0.0,1.0000000000000002,0.0,100.0,0.0,False,0.0,100.0,100.0,100.0
1,0,-1,m47,mask,0.0,1.0000000000000002,0.0,101.0,0.0,False,0.0,101.0,101.0,101.0
1,0,-1,m48,mask,0.0,1.0000000000000002,0.0,102.0,0.0,False,0.0,102.0,102.0,102.0
1,0,-1,m49,mask,0.0,1.0000000000000002,0.0,103.0,0.0,False,0.0,103.0,103.0,103.0
1,0,-1,m50,mask,0.0,1.0000000000000002,0.0,104.0,0.0,False,0.0,104.0,104.0,104.0
1,0,-1,m51,mask,0.0,1.0000000000000002,0.0,105.0,0.0,False,0.0,105.0,105.0,105.0
1,0,-1,m52,mask,0.0,1.0000000000000002,0.0,106.0,0.0,False,0.0,106.0,106.0,106.0
2,0,-1,r52,raw_return,0.03786436631158722,1.0,0.0,1.0,3.0,True,0.03589045330908751,1.0,1.0,2.0
2,0,-1,r48,raw_return,0.03336768345663222,1.0,0.0,2.0,3.0,True,0.025740706443185143,9.0,2.0,10.0
2,0,-1,r33,raw_return,0.02831308854764211,1.0,0.0,3.0,3.0,True,0.025100022861777687,5.0,3.0,8.0
2,0,-1,r46,raw_return,0.028220058251532464,1.0,0.0,4.0,3.0,True,0.032224151680004066,3.0,1.0,4.0
2,0,-1,r49,raw_return,0.027992900222299794,1.0,0.0,5.0,2.0,False,0.025417891797371944,5.0,4.0,11.0
2,0,-1,r18,raw_return,0.027211081358200318,1.0,0.0,6.0,2.0,False,0.028284219078745083,6.0,4.0,11.0
2,0,-1,r29,raw_return,0.02667795498151463,1.0,0.0,7.0,2.0,False,0.026258739056166328,7.0,2.0,12.0
2,0,-1,r50,raw_return,0.024171408894471825,1.0,0.0,8.0,2.0,False,0.02636419307717733,8.0,3.0,16.0
2,0,-1,r40,raw_return,0.02403695072971459,1.0,0.0,9.0,2.0,False,0.022419181768103345,9.0,6.0,19.0
2,0,-1,r11,raw_return,0.02064115090976702,1.0,0.0,10.0,2.0,False,0.0220353657754143,10.0,7.0,12.0
2,0,-1,r19,raw_return,0.02038291352504166,1.0,0.0,11.0,1.0,False,0.020708152591039836,11.0,8.0,15.0
2,0,-1,r24,raw_return,0.0199989996770164,1.0,0.0,12.0,0.0,False,0.02053303245785355,13.0,12.0,13.0
2,0,-1,r47,raw_return,0.01863670802945853,1.0,0.0,13.0,2.0,False,0.02464759517383573,6.0,5.0,13.0
2,0,-1,r51,raw_return,0.01798504607740324,1.0,0.0,14.0,1.0,False,0.020009749350472703,14.0,9.0,14.0
2,0,-1,r43,raw_return,0.017808213609230735,1.0,0.0,15.0,1.0,False,0.019678273654106307,15.0,7.0,16.0
2,0,-1,r26,raw_return,0.017394901351237422,1.0,0.0,16.0,0.0,False,0.014467696987168285,16.0,15.0,29.0
2,0,-1,r42,raw_return,0.017194823704616283,1.0,0.0,17.0,0.0,False,0.010556304642334528,29.0,17.0,35.0
2,0,-1,r7,raw_return,0.016359823291415523,1.0,0.0,18.0,0.0,False,0.015832604531092025,18.0,17.0,19.0
2,0,-1,r31,raw_return,0.014019655735501147,1.0,0.0,19.0,0.0,False,0.014299843935631848,19.0,14.0,27.0
2,0,-1,r2,raw_return,0.013423940467619104,1.0,0.0,20.0,0.0,False,0.012585677665105321,20.0,20.0,24.0
2,0,-1,r41,raw_return,0.013373880475264742,1.0,0.0,21.0,1.0,False,0.01487876215739622,21.0,10.0,31.0
2,0,-1,r4,raw_return,0.012710284908287576,1.0,0.0,22.0,0.0,False,0.011213233637967885,23.0,22.0,28.0
2,0,-1,r15,raw_return,0.012334392662954998,1.0,0.0,23.0,0.0,False,0.009146651924233537,23.0,22.0,41.0
2,0,-1,r0,raw_return,0.011686635090457458,1.0,0.0,24.0,0.0,False,0.011436275167429814,24.0,21.0,26.0
2,0,-1,r35,raw_return,0.01163620387679839,1.0,0.0,25.0,0.0,False,0.013612961867138437,20.0,18.0,25.0
2,0,-1,r17,raw_return,0.01115132460116365,1.0,0.0,26.0,0.0,False,0.010132350953323719,26.0,25.0,27.0
2,0,-1,r27,raw_return,0.009854255408274185,1.0,0.0,27.0,0.0,False,0.005099432794448149,38.0,27.0,51.0
2,0,-1,r34,raw_return,0.009319499455045843,1.0,0.0,28.0,0.0,False,0.009974541021886276,28.0,18.0,31.0
2,0,-1,r45,raw_return,0.00904290979275538,1.0,0.0,29.0,0.0,False,0.01017987850085107,25.0,22.0,29.0
2,0,-1,r14,raw_return,0.008850083865965645,1.0,0.0,30.0,0.0,False,0.008719823359733104,30.0,26.0,32.0
2,0,-1,r20,raw_return,0.00832675909819227,1.0,0.0,31.0,0.0,False,0.007853817948189923,31.0,28.0,34.0
2,0,-1,r1,raw_return,0.0076604777103930245,1.0,0.0,32.0,0.0,False,0.006484744063182006,34.0,32.0,35.0
2,0,-1,r38,raw_return,0.007438166353589622,1.0,0.0,33.0,0.0,False,0.005457063723613222,33.0,33.0,46.0
2,0,-1,r21,raw_return,0.006260998035984813,1.0,0.0,34.0,0.0,False,0.005211571284777772,36.0,34.0,39.0
2,0,-1,r8,raw_return,0.004548033021503216,1.0,0.0,35.0,0.0,False,0.006072527701392574,35.0,30.0,36.0
2,0,-1,r22,raw_return,0.004078224155800853,1.0,0.0,36.0,0.0,False,0.003953474316055993,38.0,36.0,40.0
2,0,-1,r39,raw_return,0.003904258755635965,1.0,0.0,37.0,0.0,False,0.006289962405854264,37.0,24.0,41.0
2,0,-1,r30,raw_return,0.0035560561753964067,1.0,0.0,38.0,0.0,False,0.009466495558452455,33.0,17.0,38.0
2,0,-1,r25,raw_return,0.003515073450220825,1.0,0.0,39.0,0.0,False,0.007396775411999897,30.0,21.0,39.0
2,0,-1,r44,raw_return,0.0034579039818599996,1.0,0.0,40.0,0.0,False,0.00604935695012379,37.0,23.0,40.0
2,0,-1,r6,raw_return,0.0029372492937909554,1.0,0.0,41.0,0.0,False,0.0026333764423367638,44.0,41.0,47.0
2,0,-1,r28,raw_return,0.0027477985338900906,1.0,0.0,42.0,0.0,False,0.0028197489182881937,42.0,42.0,45.0
2,0,-1,r37,raw_return,0.0024043610669286864,1.0,0.0,43.0,0.0,False,0.002977983031352778,43.0,39.0,43.0
2,0,-1,r10,raw_return,0.0023102889474839686,1.0,0.0,44.0,0.0,False,0.002572455397057941,44.0,40.0,49.0
2,0,-1,r36,raw_return,0.0022814493437472265,1.0,0.0,45.0,0.0,False,0.0025442608306145,45.0,43.0,45.0
2,0,-1,r9,raw_return,0.0015871725887354842,1.0,0.0,46.0,0.0,False,0.0026495427854903637,46.0,37.0,48.0
2,0,-1,r16,raw_return,0.0013399267519348542,1.0,0.0,47.0,0.0,False,0.0030998926007682714,47.0,32.0,48.0
2,0,-1,r13,raw_return,0.0013128644168318715,1.0,0.0,48.0,0.0,False,0.0014082583624537316,49.0,48.0,50.0
2,0,-1,r32,raw_return,0.001310563267503312,1.0,0.0,49.0,0.0,False,0.0023715407918072436,44.0,42.0,49.0
2,0,-1,r12,raw_return,0.0006274693577188373,1.0,0.0,50.0,0.0,False,0.001139113711507586,50.0,47.0,52.0
2,0,-1,r5,raw_return,0.0006237347787755425,1.0,0.0,51.0,0.0,False,0.0012971840582767982,50.0,46.0,51.0
2,0,-1,r3,raw_return,0.000573153492432084,1.0,0.0,52.0,0.0,False,0.0007797594931036353,52.0,51.0,52.0
2,0,-1,r23,raw_return,0.0003948380779029321,1.0,0.0,53.0,0.0,False,0.00037270627639099987,53.0,53.0,53.0
2,0,-1,m0,mask,0.0,1.0,0.0,54.0,0.0,False,0.0,54.0,54.0,54.0
2,0,-1,m1,mask,0.0,1.0,0.0,55.0,0.0,False,0.0,55.0,55.0,55.0
2,0,-1,m2,mask,0.0,1.0,0.0,56.0,0.0,False,0.0,56.0,56.0,56.0
2,0,-1,m3,mask,0.0,1.0,0.0,57.0,0.0,False,0.0,57.0,57.0,57.0
2,0,-1,m4,mask,0.0,1.0,0.0,58.0,0.0,False,0.0,58.0,58.0,58.0
2,0,-1,m5,mask,0.0,1.0,0.0,59.0,0.0,False,0.0,59.0,59.0,59.0
2,0,-1,m6,mask,0.0,1.0,0.0,60.0,0.0,False,0.0,60.0,60.0,60.0
2,0,-1,m7,mask,0.0,1.0,0.0,61.0,0.0,False,0.0,61.0,61.0,61.0
2,0,-1,m8,mask,0.0,1.0,0.0,62.0,0.0,False,0.0,62.0,62.0,62.0
2,0,-1,m9,mask,0.0,1.0,0.0,63.0,0.0,False,0.0,63.0,63.0,63.0
2,0,-1,m10,mask,0.0,1.0,0.0,64.0,0.0,False,0.0,64.0,64.0,64.0
2,0,-1,m11,mask,0.0,1.0,0.0,65.0,0.0,False,0.0,65.0,65.0,65.0
2,0,-1,m12,mask,0.0,1.0,0.0,66.0,0.0,False,0.0,66.0,66.0,66.0
2,0,-1,m13,mask,0.0,1.0,0.0,67.0,0.0,False,0.0,67.0,67.0,67.0
2,0,-1,m14,mask,0.0,1.0,0.0,68.0,0.0,False,0.0,68.0,68.0,68.0
2,0,-1,m15,mask,0.0,1.0,0.0,69.0,0.0,False,0.0,69.0,69.0,69.0
2,0,-1,m16,mask,0.0,1.0,0.0,70.0,0.0,False,0.0,70.0,70.0,70.0
2,0,-1,m17,mask,0.0,1.0,0.0,71.0,0.0,False,0.0,71.0,71.0,71.0
2,0,-1,m18,mask,0.0,1.0,0.0,72.0,0.0,False,0.0,72.0,72.0,72.0
2,0,-1,m19,mask,0.0,1.0,0.0,73.0,0.0,False,0.0,73.0,73.0,73.0
2,0,-1,m20,mask,0.0,1.0,0.0,74.0,0.0,False,0.0,74.0,74.0,74.0
2,0,-1,m21,mask,0.0,1.0,0.0,75.0,0.0,False,0.0,75.0,75.0,75.0
2,0,-1,m22,mask,0.0,1.0,0.0,76.0,0.0,False,0.0,76.0,76.0,76.0
2,0,-1,m23,mask,0.0,1.0,0.0,77.0,0.0,False,0.0,77.0,77.0,77.0
2,0,-1,m24,mask,0.0,1.0,0.0,78.0,0.0,False,0.0,78.0,78.0,78.0
2,0,-1,m25,mask,0.0,1.0,0.0,79.0,0.0,False,0.0,79.0,79.0,79.0
2,0,-1,m26,mask,0.0,1.0,0.0,80.0,0.0,False,0.0,80.0,80.0,80.0
2,0,-1,m27,mask,0.0,1.0,0.0,81.0,0.0,False,0.0,81.0,81.0,81.0
2,0,-1,m28,mask,0.0,1.0,0.0,82.0,0.0,False,0.0,82.0,82.0,82.0
2,0,-1,m29,mask,0.0,1.0,0.0,83.0,0.0,False,0.0,83.0,83.0,83.0
2,0,-1,m30,mask,0.0,1.0,0.0,84.0,0.0,False,0.0,84.0,84.0,84.0
2,0,-1,m31,mask,0.0,1.0,0.0,85.0,0.0,False,0.0,85.0,85.0,85.0
2,0,-1,m32,mask,0.0,1.0,0.0,86.0,0.0,False,0.0,86.0,86.0,86.0
2,0,-1,m33,mask,0.0,1.0,0.0,87.0,0.0,False,0.0,87.0,87.0,87.0
2,0,-1,m34,mask,0.0,1.0,0.0,88.0,0.0,False,0.0,88.0,88.0,88.0
2,0,-1,m35,mask,0.0,1.0,0.0,89.0,0.0,False,0.0,89.0,89.0,89.0
2,0,-1,m36,mask,0.0,1.0,0.0,90.0,0.0,False,0.0,90.0,90.0,90.0
2,0,-1,m37,mask,0.0,1.0,0.0,91.0,0.0,False,0.0,91.0,91.0,91.0
2,0,-1,m38,mask,0.0,1.0,0.0,92.0,0.0,False,0.0,92.0,92.0,92.0
2,0,-1,m39,mask,0.0,1.0,0.0,93.0,0.0,False,0.0,93.0,93.0,93.0
2,0,-1,m40,mask,0.0,1.0,0.0,94.0,0.0,False,0.0,94.0,94.0,94.0
2,0,-1,m41,mask,0.0,1.0,0.0,95.0,0.0,False,0.0,95.0,95.0,95.0
2,0,-1,m42,mask,0.0,1.0,0.0,96.0,0.0,False,0.0,96.0,96.0,96.0
2,0,-1,m43,mask,0.0,1.0,0.0,97.0,0.0,False,0.0,97.0,97.0,97.0
2,0,-1,m44,mask,0.0,1.0,0.0,98.0,0.0,False,0.0,98.0,98.0,98.0
2,0,-1,m45,mask,0.0,1.0,0.0,99.0,0.0,False,0.0,99.0,99.0,99.0
2,0,-1,m46,mask,0.0,1.0,0.0,100.0,0.0,False,0.0,100.0,100.0,100.0
2,0,-1,m47,mask,0.0,1.0,0.0,101.0,0.0,False,0.0,101.0,101.0,101.0
2,0,-1,m48,mask,0.0,1.0,0.0,102.0,0.0,False,0.0,102.0,102.0,102.0
2,0,-1,m49,mask,0.0,1.0,0.0,103.0,0.0,False,0.0,103.0,103.0,103.0
2,0,-1,m50,mask,0.0,1.0,0.0,104.0,0.0,False,0.0,104.0,104.0,104.0
2,0,-1,m51,mask,0.0,1.0,0.0,105.0,0.0,False,0.0,105.0,105.0,105.0
2,0,-1,m52,mask,0.0,1.0,0.0,106.0,0.0,False,0.0,106.0,106.0,106.0
3,0,-1,r52,raw_return,0.031083411268955388,1.0,0.0,1.0,3.0,True,0.03589045330908751,1.0,1.0,2.0
3,0,-1,r29,raw_return,0.0301160837962816,1.0,0.0,2.0,2.0,False,0.026258739056166328,7.0,2.0,12.0
3,0,-1,r46,raw_return,0.028415773443519355,1.0,0.0,3.0,3.0,True,0.032224151680004066,3.0,1.0,4.0
3,0,-1,r49,raw_return,0.02622027773897571,1.0,0.0,4.0,2.0,False,0.025417891797371944,5.0,4.0,11.0
3,0,-1,r33,raw_return,0.02249450652546875,1.0,0.0,5.0,3.0,True,0.025100022861777687,5.0,3.0,8.0
3,0,-1,r47,raw_return,0.02219453794031506,1.0,0.0,6.0,2.0,False,0.02464759517383573,6.0,5.0,13.0
3,0,-1,r43,raw_return,0.021931780879451253,1.0,0.0,7.0,1.0,False,0.019678273654106307,15.0,7.0,16.0
3,0,-1,r19,raw_return,0.021119114013490616,1.0,0.0,8.0,1.0,False,0.020708152591039836,11.0,8.0,15.0
3,0,-1,r51,raw_return,0.02035399015941948,1.0,0.0,9.0,1.0,False,0.020009749350472703,14.0,9.0,14.0
3,0,-1,r48,raw_return,0.019984152872708365,1.0,0.0,10.0,3.0,True,0.025740706443185143,9.0,2.0,10.0
3,0,-1,r18,raw_return,0.01981770141733068,1.0,0.0,11.0,2.0,False,0.028284219078745083,6.0,4.0,11.0
3,0,-1,r11,raw_return,0.019689203939655273,1.0,0.0,12.0,2.0,False,0.0220353657754143,10.0,7.0,12.0
3,0,-1,r24,raw_return,0.019631928975053597,1.0,0.0,13.0,0.0,False,0.02053303245785355,13.0,12.0,13.0
3,0,-1,r31,raw_return,0.019440930934339122,1.0,0.0,14.0,0.0,False,0.014299843935631848,19.0,14.0,27.0
3,0,-1,r26,raw_return,0.018607211501715938,1.0,0.0,15.0,0.0,False,0.014467696987168285,16.0,15.0,29.0
3,0,-1,r50,raw_return,0.016501546298321044,1.0,0.0,16.0,2.0,False,0.02636419307717733,8.0,3.0,16.0
3,0,-1,r7,raw_return,0.015476908382523106,1.0,0.0,17.0,0.0,False,0.015832604531092025,18.0,17.0,19.0
3,0,-1,r34,raw_return,0.014098737098031961,1.0,0.0,18.0,0.0,False,0.009974541021886276,28.0,18.0,31.0
3,0,-1,r40,raw_return,0.01360014803383092,1.0,0.0,19.0,2.0,False,0.022419181768103345,9.0,6.0,19.0
3,0,-1,r35,raw_return,0.012764673481964564,1.0,0.0,20.0,0.0,False,0.013612961867138437,20.0,18.0,25.0
3,0,-1,r25,raw_return,0.012065363679303118,1.0,0.0,21.0,0.0,False,0.007396775411999897,30.0,21.0,39.0
3,0,-1,r15,raw_return,0.012001523974693555,1.0,0.0,22.0,0.0,False,0.009146651924233537,23.0,22.0,41.0
3,0,-1,r44,raw_return,0.010070322558100088,1.0,0.0,23.0,0.0,False,0.00604935695012379,37.0,23.0,40.0
3,0,-1,r2,raw_return,0.009214041759471001,1.0,0.0,24.0,0.0,False,0.012585677665105321,20.0,20.0,24.0
3,0,-1,r45,raw_return,0.009063747967587915,1.0,0.0,25.0,0.0,False,0.01017987850085107,25.0,22.0,29.0
3,0,-1,r0,raw_return,0.009059492342887098,1.0,0.0,26.0,0.0,False,0.011436275167429814,24.0,21.0,26.0
3,0,-1,r17,raw_return,0.008899539600461139,1.0,0.0,27.0,0.0,False,0.010132350953323719,26.0,25.0,27.0
3,0,-1,r4,raw_return,0.008614193518194951,1.0,0.0,28.0,0.0,False,0.011213233637967885,23.0,22.0,28.0
3,0,-1,r42,raw_return,0.00854753067940328,1.0,0.0,29.0,0.0,False,0.010556304642334528,29.0,17.0,35.0
3,0,-1,r8,raw_return,0.007770264671897166,1.0,0.0,30.0,0.0,False,0.006072527701392574,35.0,30.0,36.0
3,0,-1,r41,raw_return,0.007465960414221626,1.0,0.0,31.0,1.0,False,0.01487876215739622,21.0,10.0,31.0
3,0,-1,r14,raw_return,0.007395189181865135,1.0,0.0,32.0,0.0,False,0.008719823359733104,30.0,26.0,32.0
3,0,-1,r30,raw_return,0.007233963323586067,1.0,0.0,33.0,0.0,False,0.009466495558452455,33.0,17.0,38.0
3,0,-1,r20,raw_return,0.006060476665163151,1.0,0.0,34.0,0.0,False,0.007853817948189923,31.0,28.0,34.0
3,0,-1,r1,raw_return,0.005781290307670133,1.0,0.0,35.0,0.0,False,0.006484744063182006,34.0,32.0,35.0
3,0,-1,r21,raw_return,0.005510482892101209,1.0,0.0,36.0,0.0,False,0.005211571284777772,36.0,34.0,39.0
3,0,-1,r9,raw_return,0.004596243864969438,1.0,0.0,37.0,0.0,False,0.0026495427854903637,46.0,37.0,48.0
3,0,-1,r22,raw_return,0.004245857609344966,1.0,0.0,38.0,0.0,False,0.003953474316055993,38.0,36.0,40.0
3,0,-1,r37,raw_return,0.003905915655497665,1.0,0.0,39.0,0.0,False,0.002977983031352778,43.0,39.0,43.0
3,0,-1,r10,raw_return,0.0036607042999439727,1.0,0.0,40.0,0.0,False,0.002572455397057941,44.0,40.0,49.0
3,0,-1,r39,raw_return,0.003268982631030667,1.0,0.0,41.0,0.0,False,0.006289962405854264,37.0,24.0,41.0
3,0,-1,r32,raw_return,0.0032459649631873615,1.0,0.0,42.0,0.0,False,0.0023715407918072436,44.0,42.0,49.0
3,0,-1,r36,raw_return,0.0030633455504384985,1.0,0.0,43.0,0.0,False,0.0025442608306145,45.0,43.0,45.0
3,0,-1,r6,raw_return,0.0029304920356644287,1.0,0.0,44.0,0.0,False,0.0026333764423367638,44.0,41.0,47.0
3,0,-1,r28,raw_return,0.0028874373801227194,1.0,0.0,45.0,0.0,False,0.0028197489182881937,42.0,42.0,45.0
3,0,-1,r38,raw_return,0.0027460162137776935,1.0,0.0,46.0,0.0,False,0.005457063723613222,33.0,33.0,46.0
3,0,-1,r12,raw_return,0.0018017573184770299,1.0,0.0,47.0,0.0,False,0.001139113711507586,50.0,47.0,52.0
3,0,-1,r16,raw_return,0.0016883239736162068,1.0,0.0,48.0,0.0,False,0.0030998926007682714,47.0,32.0,48.0
3,0,-1,r13,raw_return,0.0014261602450387728,1.0,0.0,49.0,0.0,False,0.0014082583624537316,49.0,48.0,50.0
3,0,-1,r5,raw_return,0.0010916795126140642,1.0,0.0,50.0,0.0,False,0.0012971840582767982,50.0,46.0,51.0
3,0,-1,r27,raw_return,0.0010781163302108325,1.0,0.0,51.0,0.0,False,0.005099432794448149,38.0,27.0,51.0
3,0,-1,r3,raw_return,0.0005369875376927667,1.0,0.0,52.0,0.0,False,0.0007797594931036353,52.0,51.0,52.0
3,0,-1,r23,raw_return,0.0005016516528366992,1.0,0.0,53.0,0.0,False,0.00037270627639099987,53.0,53.0,53.0
3,0,-1,m0,mask,0.0,1.0,0.0,54.0,0.0,False,0.0,54.0,54.0,54.0
3,0,-1,m1,mask,0.0,1.0,0.0,55.0,0.0,False,0.0,55.0,55.0,55.0
3,0,-1,m2,mask,0.0,1.0,0.0,56.0,0.0,False,0.0,56.0,56.0,56.0
3,0,-1,m3,mask,0.0,1.0,0.0,57.0,0.0,False,0.0,57.0,57.0,57.0
3,0,-1,m4,mask,0.0,1.0,0.0,58.0,0.0,False,0.0,58.0,58.0,58.0
3,0,-1,m5,mask,0.0,1.0,0.0,59.0,0.0,False,0.0,59.0,59.0,59.0
3,0,-1,m6,mask,0.0,1.0,0.0,60.0,0.0,False,0.0,60.0,60.0,60.0
3,0,-1,m7,mask,0.0,1.0,0.0,61.0,0.0,False,0.0,61.0,61.0,61.0
3,0,-1,m8,mask,0.0,1.0,0.0,62.0,0.0,False,0.0,62.0,62.0,62.0
3,0,-1,m9,mask,0.0,1.0,0.0,63.0,0.0,False,0.0,63.0,63.0,63.0
3,0,-1,m10,mask,0.0,1.0,0.0,64.0,0.0,False,0.0,64.0,64.0,64.0
3,0,-1,m11,mask,0.0,1.0,0.0,65.0,0.0,False,0.0,65.0,65.0,65.0
3,0,-1,m12,mask,0.0,1.0,0.0,66.0,0.0,False,0.0,66.0,66.0,66.0
3,0,-1,m13,mask,0.0,1.0,0.0,67.0,0.0,False,0.0,67.0,67.0,67.0
3,0,-1,m14,mask,0.0,1.0,0.0,68.0,0.0,False,0.0,68.0,68.0,68.0
3,0,-1,m15,mask,0.0,1.0,0.0,69.0,0.0,False,0.0,69.0,69.0,69.0
3,0,-1,m16,mask,0.0,1.0,0.0,70.0,0.0,False,0.0,70.0,70.0,70.0
3,0,-1,m17,mask,0.0,1.0,0.0,71.0,0.0,False,0.0,71.0,71.0,71.0
3,0,-1,m18,mask,0.0,1.0,0.0,72.0,0.0,False,0.0,72.0,72.0,72.0
3,0,-1,m19,mask,0.0,1.0,0.0,73.0,0.0,False,0.0,73.0,73.0,73.0
3,0,-1,m20,mask,0.0,1.0,0.0,74.0,0.0,False,0.0,74.0,74.0,74.0
3,0,-1,m21,mask,0.0,1.0,0.0,75.0,0.0,False,0.0,75.0,75.0,75.0
3,0,-1,m22,mask,0.0,1.0,0.0,76.0,0.0,False,0.0,76.0,76.0,76.0
3,0,-1,m23,mask,0.0,1.0,0.0,77.0,0.0,False,0.0,77.0,77.0,77.0
3,0,-1,m24,mask,0.0,1.0,0.0,78.0,0.0,False,0.0,78.0,78.0,78.0
3,0,-1,m25,mask,0.0,1.0,0.0,79.0,0.0,False,0.0,79.0,79.0,79.0
3,0,-1,m26,mask,0.0,1.0,0.0,80.0,0.0,False,0.0,80.0,80.0,80.0
3,0,-1,m27,mask,0.0,1.0,0.0,81.0,0.0,False,0.0,81.0,81.0,81.0
3,0,-1,m28,mask,0.0,1.0,0.0,82.0,0.0,False,0.0,82.0,82.0,82.0
3,0,-1,m29,mask,0.0,1.0,0.0,83.0,0.0,False,0.0,83.0,83.0,83.0
3,0,-1,m30,mask,0.0,1.0,0.0,84.0,0.0,False,0.0,84.0,84.0,84.0
3,0,-1,m31,mask,0.0,1.0,0.0,85.0,0.0,False,0.0,85.0,85.0,85.0
3,0,-1,m32,mask,0.0,1.0,0.0,86.0,0.0,False,0.0,86.0,86.0,86.0
3,0,-1,m33,mask,0.0,1.0,0.0,87.0,0.0,False,0.0,87.0,87.0,87.0
3,0,-1,m34,mask,0.0,1.0,0.0,88.0,0.0,False,0.0,88.0,88.0,88.0
3,0,-1,m35,mask,0.0,1.0,0.0,89.0,0.0,False,0.0,89.0,89.0,89.0
3,0,-1,m36,mask,0.0,1.0,0.0,90.0,0.0,False,0.0,90.0,90.0,90.0
3,0,-1,m37,mask,0.0,1.0,0.0,91.0,0.0,False,0.0,91.0,91.0,91.0
3,0,-1,m38,mask,0.0,1.0,0.0,92.0,0.0,False,0.0,92.0,92.0,92.0
3,0,-1,m39,mask,0.0,1.0,0.0,93.0,0.0,False,0.0,93.0,93.0,93.0
3,0,-1,m40,mask,0.0,1.0,0.0,94.0,0.0,False,0.0,94.0,94.0,94.0
3,0,-1,m41,mask,0.0,1.0,0.0,95.0,0.0,False,0.0,95.0,95.0,95.0
3,0,-1,m42,mask,0.0,1.0,0.0,96.0,0.0,False,0.0,96.0,96.0,96.0
3,0,-1,m43,mask,0.0,1.0,0.0,97.0,0.0,False,0.0,97.0,97.0,97.0
3,0,-1,m44,mask,0.0,1.0,0.0,98.0,0.0,False,0.0,98.0,98.0,98.0
3,0,-1,m45,mask,0.0,1.0,0.0,99.0,0.0,False,0.0,99.0,99.0,99.0
3,0,-1,m46,mask,0.0,1.0,0.0,100.0,0.0,False,0.0,100.0,100.0,100.0
3,0,-1,m47,mask,0.0,1.0,0.0,101.0,0.0,False,0.0,101.0,101.0,101.0
3,0,-1,m48,mask,0.0,1.0,0.0,102.0,0.0,False,0.0,102.0,102.0,102.0
3,0,-1,m49,mask,0.0,1.0,0.0,103.0,0.0,False,0.0,103.0,103.0,103.0
3,0,-1,m50,mask,0.0,1.0,0.0,104.0,0.0,False,0.0,104.0,104.0,104.0
3,0,-1,m51,mask,0.0,1.0,0.0,105.0,0.0,False,0.0,105.0,105.0,105.0
3,0,-1,m52,mask,0.0,1.0,0.0,106.0,0.0,False,0.0,106.0,106.0,106.0
1,1,0,r51,raw_return,0.043320379483964645,1.0,0.0,1.0,3.0,True,0.04127213536355581,1.0,1.0,1.0
1,1,0,r49,raw_return,0.040358221144477284,1.0,0.0,2.0,3.0,True,0.03530701413072044,3.0,2.0,6.0
1,1,0,r44,raw_return,0.039002666317268446,1.0,0.0,3.0,3.0,True,0.035341898150369914,3.0,2.0,6.0
1,1,0,r52,raw_return,0.037133187861414625,1.0,0.0,4.0,3.0,True,0.03584004211291328,4.0,2.0,4.0
1,1,0,r48,raw_return,0.03359526130451559,1.0,0.0,5.0,3.0,True,0.03237760678377526,5.0,5.0,5.0
1,1,0,r50,raw_return,0.032881466238060965,1.0,0.0,6.0,3.0,True,0.03168004959218403,6.0,3.0,8.0
1,1,0,r46,raw_return,0.029390123127217522,1.0,0.0,7.0,3.0,True,0.027000726363172967,9.0,7.0,10.0
1,1,0,r47,raw_return,0.02932380887537147,1.0,0.0,8.0,3.0,True,0.029832663008326262,7.0,7.0,8.0
1,1,0,r1,raw_return,0.029186145817962826,1.0,0.0,9.0,3.0,True,0.026383868921567532,9.0,9.0,10.0
1,1,0,r45,raw_return,0.02870312848599133,1.0,0.0,10.0,2.0,False,0.02718773641098202,10.0,4.0,15.0
1,1,0,r42,raw_return,0.022766109043845063,1.0,0.0,11.0,0.0,False,0.020585363490967058,13.0,11.0,17.0
1,1,0,r4,raw_return,0.02253023946785106,1.0,0.0,12.0,0.0,False,0.01915226380130965,13.0,12.0,21.0
1,1,0,r31,raw_return,0.022053486666831303,1.0,0.0,13.0,0.0,False,0.015414534761752292,20.0,13.0,40.0
1,1,0,r43,raw_return,0.021177466857381432,1.0,0.0,14.0,0.0,False,0.019819983994626377,15.0,14.0,16.0
1,1,0,r27,raw_return,0.020534504999857744,1.0,0.0,15.0,0.0,False,0.014518223567000556,30.0,15.0,31.0
1,1,0,r34,raw_return,0.02014762987272843,1.0,0.0,16.0,1.0,False,0.022371654140661123,16.0,8.0,16.0
1,1,0,r36,raw_return,0.018238872927937338,1.0,0.0,17.0,0.0,False,0.014023408380274003,21.0,17.0,38.0
1,1,0,r8,raw_return,0.017883126197921227,1.0,0.0,18.0,0.0,False,0.019553593147732803,14.0,12.0,18.0
1,1,0,r9,raw_return,0.01578925934491781,1.0,0.0,19.0,0.0,False,0.015495699990218175,19.0,19.0,23.0
1,1,0,r33,raw_return,0.015545861400511058,1.0,0.0,20.0,0.0,False,0.011998790897520544,29.0,20.0,37.0
1,1,0,r14,raw_return,0.015227939915719618,1.0,0.0,21.0,0.0,False,0.014777291892363187,21.0,18.0,25.0
1,1,0,r21,raw_return,0.015094214997985547,1.0,0.0,22.0,0.0,False,0.013023488171170055,28.0,22.0,30.0
1,1,0,r39,raw_return,0.013161122336270637,1.0,0.0,23.0,0.0,False,0.01800203214401457,14.0,12.0,23.0
1,1,0,r3,raw_return,0.012917964739877788,1.0,0.0,24.0,0.0,False,0.009529492094901797,35.0,24.0,43.0
1,1,0,r5,raw_return,0.012650840110185527,1.0,0.0,25.0,0.0,False,0.013629529536499227,24.0,23.0,25.0
1,1,0,r20,raw_return,0.012311205318443172,1.0,0.0,26.0,0.0,False,0.01200672291096877,27.0,26.0,32.0
1,1,0,r2,raw_return,0.012079556331271305,1.0,0.0,27.0,0.0,False,0.018373269563657233,11.0,11.0,27.0
1,1,0,r30,raw_return,0.011417200807081827,1.0,0.0,28.0,0.0,False,0.014363003159681587,20.0,18.0,28.0
1,1,0,r12,raw_return,0.011350578662772023,1.0,0.0,29.0,0.0,False,0.012364997748075743,28.0,26.0,29.0
1,1,0,r35,raw_return,0.011242783624242293,1.0,0.0,30.0,0.0,False,0.013657960200387606,22.0,19.0,30.0
1,1,0,r29,raw_return,0.011164830353925936,1.0,0.0,31.0,0.0,False,0.006282080659920514,45.0,31.0,53.0
1,1,0,r19,raw_return,0.011073739295681662,1.0,0.0,32.0,0.0,False,0.008703177174750332,39.0,32.0,42.0
1,1,0,r38,raw_return,0.010357504790619714,1.0,0.0,33.0,0.0,False,0.013590559617995797,24.0,17.0,33.0
1,1,0,r23,raw_return,0.009252621912506583,1.0,0.0,34.0,0.0,False,0.010349111479881686,34.0,31.0,34.0
1,1,0,r16,raw_return,0.008115234677352418,1.0,0.0,35.0,0.0,False,0.011641333050373457,29.0,22.0,35.0
1,1,0,r22,raw_return,0.007981270198099083,1.0,0.0,36.0,0.0,False,0.005560118084418719,47.0,36.0,49.0
1,1,0,r7,raw_return,0.0074848130751120154,1.0,0.0,37.0,0.0,False,0.010234849524463395,34.0,26.0,37.0
1,1,0,r6,raw_return,0.007247221682249802,1.0,0.0,38.0,0.0,False,0.008789400125677882,36.0,33.0,38.0
1,1,0,r15,raw_return,0.007124194047097262,1.0,0.0,39.0,0.0,False,0.009654841316135693,36.0,25.0,39.0
1,1,0,r24,raw_return,0.006995767433418223,1.0,0.0,40.0,0.0,False,0.004647952231001606,46.0,40.0,52.0
1,1,0,r32,raw_return,0.006511278166984994,1.0,0.0,41.0,0.0,False,0.0068301217831212855,42.0,41.0,43.0
1,1,0,r17,raw_return,0.00629932810567334,1.0,0.0,42.0,0.0,False,0.00754700172915303,40.0,37.0,42.0
1,1,0,r37,raw_return,0.006221038097293786,1.0,0.0,43.0,0.0,False,0.008621616448036851,41.0,27.0,43.0
1,1,0,r28,raw_return,0.006012623842034373,1.0,0.0,44.0,0.0,False,0.007051542878868834,41.0,39.0,44.0
1,1,0,r13,raw_return,0.005487267796506785,1.0,0.0,45.0,0.0,False,0.006915552387956267,45.0,35.0,46.0
1,1,0,r10,raw_return,0.005478602714854787,1.0,0.0,46.0,0.0,False,0.0043891429221810845,48.0,46.0,51.0
1,1,0,r25,raw_return,0.005154395594308881,1.0,0.0,47.0,0.0,False,0.0054887554747717025,47.0,38.0,50.0
1,1,0,r40,raw_return,0.004133824956003082,1.0,0.0,48.0,0.0,False,0.004595457203508583,48.0,44.0,48.0
1,1,0,r11,raw_return,0.003596043651852597,1.0,0.0,49.0,0.0,False,0.004521058814118229,49.0,44.0,50.0
1,1,0,r0,raw_return,0.003430422520694265,1.0,0.0,50.0,0.0,False,0.003082690996444095,50.0,49.0,53.0
1,1,0,r41,raw_return,0.0033116263328156494,1.0,0.0,51.0,0.0,False,0.007995307721104837,33.0,32.0,51.0
1,1,0,r26,raw_return,0.002940879007335752,1.0,0.0,52.0,0.0,False,0.003988979609071976,51.0,45.0,52.0
1,1,0,r18,raw_return,0.0019081144052361197,1.0,0.0,53.0,0.0,False,0.0033361838152644245,52.0,47.0,53.0
1,1,0,m0,mask,0.0,1.0,0.0,54.0,0.0,False,0.0,54.0,54.0,54.0
1,1,0,m1,mask,0.0,1.0,0.0,55.0,0.0,False,0.0,55.0,55.0,55.0
1,1,0,m2,mask,0.0,1.0,0.0,56.0,0.0,False,0.0,56.0,56.0,56.0
1,1,0,m3,mask,0.0,1.0,0.0,57.0,0.0,False,0.0,57.0,57.0,57.0
1,1,0,m4,mask,0.0,1.0,0.0,58.0,0.0,False,0.0,58.0,58.0,58.0
1,1,0,m5,mask,0.0,1.0,0.0,59.0,0.0,False,0.0,59.0,59.0,59.0
1,1,0,m6,mask,0.0,1.0,0.0,60.0,0.0,False,0.0,60.0,60.0,60.0
1,1,0,m7,mask,0.0,1.0,0.0,61.0,0.0,False,0.0,61.0,61.0,61.0
1,1,0,m8,mask,0.0,1.0,0.0,62.0,0.0,False,0.0,62.0,62.0,62.0
1,1,0,m9,mask,0.0,1.0,0.0,63.0,0.0,False,0.0,63.0,63.0,63.0
1,1,0,m10,mask,0.0,1.0,0.0,64.0,0.0,False,0.0,64.0,64.0,64.0
1,1,0,m11,mask,0.0,1.0,0.0,65.0,0.0,False,0.0,65.0,65.0,65.0
1,1,0,m12,mask,0.0,1.0,0.0,66.0,0.0,False,0.0,66.0,66.0,66.0
1,1,0,m13,mask,0.0,1.0,0.0,67.0,0.0,False,0.0,67.0,67.0,67.0
1,1,0,m14,mask,0.0,1.0,0.0,68.0,0.0,False,0.0,68.0,68.0,68.0
1,1,0,m15,mask,0.0,1.0,0.0,69.0,0.0,False,0.0,69.0,69.0,69.0
1,1,0,m16,mask,0.0,1.0,0.0,70.0,0.0,False,0.0,70.0,70.0,70.0
1,1,0,m17,mask,0.0,1.0,0.0,71.0,0.0,False,0.0,71.0,71.0,71.0
1,1,0,m18,mask,0.0,1.0,0.0,72.0,0.0,False,0.0,72.0,72.0,72.0
1,1,0,m19,mask,0.0,1.0,0.0,73.0,0.0,False,0.0,73.0,73.0,73.0
1,1,0,m20,mask,0.0,1.0,0.0,74.0,0.0,False,0.0,74.0,74.0,74.0
1,1,0,m21,mask,0.0,1.0,0.0,75.0,0.0,False,0.0,75.0,75.0,75.0
1,1,0,m22,mask,0.0,1.0,0.0,76.0,0.0,False,0.0,76.0,76.0,76.0
1,1,0,m23,mask,0.0,1.0,0.0,77.0,0.0,False,0.0,77.0,77.0,77.0
1,1,0,m24,mask,0.0,1.0,0.0,78.0,0.0,False,0.0,78.0,78.0,78.0
1,1,0,m25,mask,0.0,1.0,0.0,79.0,0.0,False,0.0,79.0,79.0,79.0
1,1,0,m26,mask,0.0,1.0,0.0,80.0,0.0,False,0.0,80.0,80.0,80.0
1,1,0,m27,mask,0.0,1.0,0.0,81.0,0.0,False,0.0,81.0,81.0,81.0
1,1,0,m28,mask,0.0,1.0,0.0,82.0,0.0,False,0.0,82.0,82.0,82.0
1,1,0,m29,mask,0.0,1.0,0.0,83.0,0.0,False,0.0,83.0,83.0,83.0
1,1,0,m30,mask,0.0,1.0,0.0,84.0,0.0,False,0.0,84.0,84.0,84.0
1,1,0,m31,mask,0.0,1.0,0.0,85.0,0.0,False,0.0,85.0,85.0,85.0
1,1,0,m32,mask,0.0,1.0,0.0,86.0,0.0,False,0.0,86.0,86.0,86.0
1,1,0,m33,mask,0.0,1.0,0.0,87.0,0.0,False,0.0,87.0,87.0,87.0
1,1,0,m34,mask,0.0,1.0,0.0,88.0,0.0,False,0.0,88.0,88.0,88.0
1,1,0,m35,mask,0.0,1.0,0.0,89.0,0.0,False,0.0,89.0,89.0,89.0
1,1,0,m36,mask,0.0,1.0,0.0,90.0,0.0,False,0.0,90.0,90.0,90.0
1,1,0,m37,mask,0.0,1.0,0.0,91.0,0.0,False,0.0,91.0,91.0,91.0
1,1,0,m38,mask,0.0,1.0,0.0,92.0,0.0,False,0.0,92.0,92.0,92.0
1,1,0,m39,mask,0.0,1.0,0.0,93.0,0.0,False,0.0,93.0,93.0,93.0
1,1,0,m40,mask,0.0,1.0,0.0,94.0,0.0,False,0.0,94.0,94.0,94.0
1,1,0,m41,mask,0.0,1.0,0.0,95.0,0.0,False,0.0,95.0,95.0,95.0
1,1,0,m42,mask,0.0,1.0,0.0,96.0,0.0,False,0.0,96.0,96.0,96.0
1,1,0,m43,mask,0.0,1.0,0.0,97.0,0.0,False,0.0,97.0,97.0,97.0
1,1,0,m44,mask,0.0,1.0,0.0,98.0,0.0,False,0.0,98.0,98.0,98.0
1,1,0,m45,mask,0.0,1.0,0.0,99.0,0.0,False,0.0,99.0,99.0,99.0
1,1,0,m46,mask,0.0,1.0,0.0,100.0,0.0,False,0.0,100.0,100.0,100.0
1,1,0,m47,mask,0.0,1.0,0.0,101.0,0.0,False,0.0,101.0,101.0,101.0
1,1,0,m48,mask,0.0,1.0,0.0,102.0,0.0,False,0.0,102.0,102.0,102.0
1,1,0,m49,mask,0.0,1.0,0.0,103.0,0.0,False,0.0,103.0,103.0,103.0
1,1,0,m50,mask,0.0,1.0,0.0,104.0,0.0,False,0.0,104.0,104.0,104.0
1,1,0,m51,mask,0.0,1.0,0.0,105.0,0.0,False,0.0,105.0,105.0,105.0
1,1,0,m52,mask,0.0,1.0,0.0,106.0,0.0,False,0.0,106.0,106.0,106.0
2,1,0,r51,raw_return,0.04055177911434657,0.9999999999999999,0.0,1.0,3.0,True,0.04127213536355581,1.0,1.0,1.0
2,1,0,r44,raw_return,0.03518803056906836,0.9999999999999999,0.0,2.0,3.0,True,0.035341898150369914,3.0,2.0,6.0
2,1,0,r50,raw_return,0.032403681215713735,0.9999999999999999,0.0,3.0,3.0,True,0.03168004959218403,6.0,3.0,8.0
2,1,0,r52,raw_return,0.03178724957979284,0.9999999999999999,0.0,4.0,3.0,True,0.03584004211291328,4.0,2.0,4.0
2,1,0,r48,raw_return,0.03131969463986024,0.9999999999999999,0.0,5.0,3.0,True,0.03237760678377526,5.0,5.0,5.0
2,1,0,r49,raw_return,0.03084841695063369,0.9999999999999999,0.0,6.0,3.0,True,0.03530701413072044,3.0,2.0,6.0
2,1,0,r47,raw_return,0.029216877995536378,0.9999999999999999,0.0,7.0,3.0,True,0.029832663008326262,7.0,7.0,8.0
2,1,0,r34,raw_return,0.02820693675201619,0.9999999999999999,0.0,8.0,1.0,False,0.022371654140661123,16.0,8.0,16.0
2,1,0,r46,raw_return,0.027890906615859423,0.9999999999999999,0.0,9.0,3.0,True,0.027000726363172967,9.0,7.0,10.0
2,1,0,r1,raw_return,0.023157922554775723,0.9999999999999999,0.0,10.0,3.0,True,0.026383868921567532,9.0,9.0,10.0
2,1,0,r2,raw_return,0.02218228429494775,0.9999999999999999,0.0,11.0,0.0,False,0.018373269563657233,11.0,11.0,27.0
2,1,0,r8,raw_return,0.020960374387854246,0.9999999999999999,0.0,12.0,0.0,False,0.019553593147732803,14.0,12.0,18.0
2,1,0,r4,raw_return,0.020585672803688795,0.9999999999999999,0.0,13.0,0.0,False,0.01915226380130965,13.0,12.0,21.0
2,1,0,r39,raw_return,0.0205681303817546,0.9999999999999999,0.0,14.0,0.0,False,0.01800203214401457,14.0,12.0,23.0
2,1,0,r45,raw_return,0.020021741695665698,0.9999999999999999,0.0,15.0,2.0,False,0.02718773641098202,10.0,4.0,15.0
2,1,0,r43,raw_return,0.019480917047274487,0.9999999999999999,0.0,16.0,0.0,False,0.019819983994626377,15.0,14.0,16.0
2,1,0,r42,raw_return,0.019061106435809053,0.9999999999999999,0.0,17.0,0.0,False,0.020585363490967058,13.0,11.0,17.0
2,1,0,r30,raw_return,0.017113242172752507,0.9999999999999999,0.0,18.0,0.0,False,0.014363003159681587,20.0,18.0,28.0
2,1,0,r9,raw_return,0.016570124608188054,0.9999999999999999,0.0,19.0,0.0,False,0.015495699990218175,19.0,19.0,23.0
2,1,0,r31,raw_return,0.016421798365961877,0.9999999999999999,0.0,20.0,0.0,False,0.015414534761752292,20.0,13.0,40.0
2,1,0,r36,raw_return,0.015578785975980282,0.9999999999999999,0.0,21.0,0.0,False,0.014023408380274003,21.0,17.0,38.0
2,1,0,r35,raw_return,0.014498014139004227,0.9999999999999999,0.0,22.0,0.0,False,0.013657960200387606,22.0,19.0,30.0
2,1,0,r5,raw_return,0.014389053322294785,0.9999999999999999,0.0,23.0,0.0,False,0.013629529536499227,24.0,23.0,25.0
2,1,0,r38,raw_return,0.013731108404859697,0.9999999999999999,0.0,24.0,0.0,False,0.013590559617995797,24.0,17.0,33.0
2,1,0,r14,raw_return,0.013618541093885142,0.9999999999999999,0.0,25.0,0.0,False,0.014777291892363187,21.0,18.0,25.0
2,1,0,r7,raw_return,0.013082342389127007,0.9999999999999999,0.0,26.0,0.0,False,0.010234849524463395,34.0,26.0,37.0
2,1,0,r20,raw_return,0.012985275762126549,0.9999999999999999,0.0,27.0,0.0,False,0.01200672291096877,27.0,26.0,32.0
2,1,0,r12,raw_return,0.0126192286201549,0.9999999999999999,0.0,28.0,0.0,False,0.012364997748075743,28.0,26.0,29.0
2,1,0,r16,raw_return,0.012516003781114705,0.9999999999999999,0.0,29.0,0.0,False,0.011641333050373457,29.0,22.0,35.0
2,1,0,r21,raw_return,0.011794502446222396,0.9999999999999999,0.0,30.0,0.0,False,0.013023488171170055,28.0,22.0,30.0
2,1,0,r27,raw_return,0.010877842294246876,0.9999999999999999,0.0,31.0,0.0,False,0.014518223567000556,30.0,15.0,31.0
2,1,0,r41,raw_return,0.010051551041704443,0.9999999999999999,0.0,32.0,0.0,False,0.007995307721104837,33.0,32.0,51.0
2,1,0,r6,raw_return,0.009986039825995248,0.9999999999999999,0.0,33.0,0.0,False,0.008789400125677882,36.0,33.0,38.0
2,1,0,r23,raw_return,0.009773457886476536,0.9999999999999999,0.0,34.0,0.0,False,0.010349111479881686,34.0,31.0,34.0
2,1,0,r3,raw_return,0.00911453259998234,0.9999999999999999,0.0,35.0,0.0,False,0.009529492094901797,35.0,24.0,43.0
2,1,0,r15,raw_return,0.008306632196412466,0.9999999999999999,0.0,36.0,0.0,False,0.009654841316135693,36.0,25.0,39.0
2,1,0,r33,raw_return,0.008274815868016958,0.9999999999999999,0.0,37.0,0.0,False,0.011998790897520544,29.0,20.0,37.0
2,1,0,r25,raw_return,0.00790574595916405,0.9999999999999999,0.0,38.0,0.0,False,0.0054887554747717025,47.0,38.0,50.0
2,1,0,r28,raw_return,0.007742035003029741,0.9999999999999999,0.0,39.0,0.0,False,0.007051542878868834,41.0,39.0,44.0
2,1,0,r17,raw_return,0.007286279576303059,0.9999999999999999,0.0,40.0,0.0,False,0.00754700172915303,40.0,37.0,42.0
2,1,0,r37,raw_return,0.00708567531411245,0.9999999999999999,0.0,41.0,0.0,False,0.008621616448036851,41.0,27.0,43.0
2,1,0,r19,raw_return,0.00701772391711711,0.9999999999999999,0.0,42.0,0.0,False,0.008703177174750332,39.0,32.0,42.0
2,1,0,r32,raw_return,0.00678838682390051,0.9999999999999999,0.0,43.0,0.0,False,0.0068301217831212855,42.0,41.0,43.0
2,1,0,r40,raw_return,0.005644492360472214,0.9999999999999999,0.0,44.0,0.0,False,0.004595457203508583,48.0,44.0,48.0
2,1,0,r29,raw_return,0.005410482110186422,0.9999999999999999,0.0,45.0,0.0,False,0.006282080659920514,45.0,31.0,53.0
2,1,0,r13,raw_return,0.005190430040149295,0.9999999999999999,0.0,46.0,0.0,False,0.006915552387956267,45.0,35.0,46.0
2,1,0,r18,raw_return,0.0050380372745567,0.9999999999999999,0.0,47.0,0.0,False,0.0033361838152644245,52.0,47.0,53.0
2,1,0,r10,raw_return,0.004536462061558268,0.9999999999999999,0.0,48.0,0.0,False,0.0043891429221810845,48.0,46.0,51.0
2,1,0,r22,raw_return,0.004414535595115013,0.9999999999999999,0.0,49.0,0.0,False,0.005560118084418719,47.0,36.0,49.0
2,1,0,r11,raw_return,0.003953300744139142,0.9999999999999999,0.0,50.0,0.0,False,0.004521058814118229,49.0,44.0,50.0
2,1,0,r26,raw_return,0.003950386290969618,0.9999999999999999,0.0,51.0,0.0,False,0.003988979609071976,51.0,45.0,52.0
2,1,0,r24,raw_return,0.00246449874764221,0.9999999999999999,0.0,52.0,0.0,False,0.004647952231001606,46.0,40.0,52.0
2,1,0,r0,raw_return,0.002231686213170178,0.9999999999999999,0.0,53.0,0.0,False,0.003082690996444095,50.0,49.0,53.0
2,1,0,m0,mask,0.0,0.9999999999999999,0.0,54.0,0.0,False,0.0,54.0,54.0,54.0
2,1,0,m1,mask,0.0,0.9999999999999999,0.0,55.0,0.0,False,0.0,55.0,55.0,55.0
2,1,0,m2,mask,0.0,0.9999999999999999,0.0,56.0,0.0,False,0.0,56.0,56.0,56.0
2,1,0,m3,mask,0.0,0.9999999999999999,0.0,57.0,0.0,False,0.0,57.0,57.0,57.0
2,1,0,m4,mask,0.0,0.9999999999999999,0.0,58.0,0.0,False,0.0,58.0,58.0,58.0
2,1,0,m5,mask,0.0,0.9999999999999999,0.0,59.0,0.0,False,0.0,59.0,59.0,59.0
2,1,0,m6,mask,0.0,0.9999999999999999,0.0,60.0,0.0,False,0.0,60.0,60.0,60.0
2,1,0,m7,mask,0.0,0.9999999999999999,0.0,61.0,0.0,False,0.0,61.0,61.0,61.0
2,1,0,m8,mask,0.0,0.9999999999999999,0.0,62.0,0.0,False,0.0,62.0,62.0,62.0
2,1,0,m9,mask,0.0,0.9999999999999999,0.0,63.0,0.0,False,0.0,63.0,63.0,63.0
2,1,0,m10,mask,0.0,0.9999999999999999,0.0,64.0,0.0,False,0.0,64.0,64.0,64.0
2,1,0,m11,mask,0.0,0.9999999999999999,0.0,65.0,0.0,False,0.0,65.0,65.0,65.0
2,1,0,m12,mask,0.0,0.9999999999999999,0.0,66.0,0.0,False,0.0,66.0,66.0,66.0
2,1,0,m13,mask,0.0,0.9999999999999999,0.0,67.0,0.0,False,0.0,67.0,67.0,67.0
2,1,0,m14,mask,0.0,0.9999999999999999,0.0,68.0,0.0,False,0.0,68.0,68.0,68.0
2,1,0,m15,mask,0.0,0.9999999999999999,0.0,69.0,0.0,False,0.0,69.0,69.0,69.0
2,1,0,m16,mask,0.0,0.9999999999999999,0.0,70.0,0.0,False,0.0,70.0,70.0,70.0
2,1,0,m17,mask,0.0,0.9999999999999999,0.0,71.0,0.0,False,0.0,71.0,71.0,71.0
2,1,0,m18,mask,0.0,0.9999999999999999,0.0,72.0,0.0,False,0.0,72.0,72.0,72.0
2,1,0,m19,mask,0.0,0.9999999999999999,0.0,73.0,0.0,False,0.0,73.0,73.0,73.0
2,1,0,m20,mask,0.0,0.9999999999999999,0.0,74.0,0.0,False,0.0,74.0,74.0,74.0
2,1,0,m21,mask,0.0,0.9999999999999999,0.0,75.0,0.0,False,0.0,75.0,75.0,75.0
2,1,0,m22,mask,0.0,0.9999999999999999,0.0,76.0,0.0,False,0.0,76.0,76.0,76.0
2,1,0,m23,mask,0.0,0.9999999999999999,0.0,77.0,0.0,False,0.0,77.0,77.0,77.0
2,1,0,m24,mask,0.0,0.9999999999999999,0.0,78.0,0.0,False,0.0,78.0,78.0,78.0
2,1,0,m25,mask,0.0,0.9999999999999999,0.0,79.0,0.0,False,0.0,79.0,79.0,79.0
2,1,0,m26,mask,0.0,0.9999999999999999,0.0,80.0,0.0,False,0.0,80.0,80.0,80.0
2,1,0,m27,mask,0.0,0.9999999999999999,0.0,81.0,0.0,False,0.0,81.0,81.0,81.0
2,1,0,m28,mask,0.0,0.9999999999999999,0.0,82.0,0.0,False,0.0,82.0,82.0,82.0
2,1,0,m29,mask,0.0,0.9999999999999999,0.0,83.0,0.0,False,0.0,83.0,83.0,83.0
2,1,0,m30,mask,0.0,0.9999999999999999,0.0,84.0,0.0,False,0.0,84.0,84.0,84.0
2,1,0,m31,mask,0.0,0.9999999999999999,0.0,85.0,0.0,False,0.0,85.0,85.0,85.0
2,1,0,m32,mask,0.0,0.9999999999999999,0.0,86.0,0.0,False,0.0,86.0,86.0,86.0
2,1,0,m33,mask,0.0,0.9999999999999999,0.0,87.0,0.0,False,0.0,87.0,87.0,87.0
2,1,0,m34,mask,0.0,0.9999999999999999,0.0,88.0,0.0,False,0.0,88.0,88.0,88.0
2,1,0,m35,mask,0.0,0.9999999999999999,0.0,89.0,0.0,False,0.0,89.0,89.0,89.0
2,1,0,m36,mask,0.0,0.9999999999999999,0.0,90.0,0.0,False,0.0,90.0,90.0,90.0
2,1,0,m37,mask,0.0,0.9999999999999999,0.0,91.0,0.0,False,0.0,91.0,91.0,91.0
2,1,0,m38,mask,0.0,0.9999999999999999,0.0,92.0,0.0,False,0.0,92.0,92.0,92.0
2,1,0,m39,mask,0.0,0.9999999999999999,0.0,93.0,0.0,False,0.0,93.0,93.0,93.0
2,1,0,m40,mask,0.0,0.9999999999999999,0.0,94.0,0.0,False,0.0,94.0,94.0,94.0
2,1,0,m41,mask,0.0,0.9999999999999999,0.0,95.0,0.0,False,0.0,95.0,95.0,95.0
2,1,0,m42,mask,0.0,0.9999999999999999,0.0,96.0,0.0,False,0.0,96.0,96.0,96.0
2,1,0,m43,mask,0.0,0.9999999999999999,0.0,97.0,0.0,False,0.0,97.0,97.0,97.0
2,1,0,m44,mask,0.0,0.9999999999999999,0.0,98.0,0.0,False,0.0,98.0,98.0,98.0
2,1,0,m45,mask,0.0,0.9999999999999999,0.0,99.0,0.0,False,0.0,99.0,99.0,99.0
2,1,0,m46,mask,0.0,0.9999999999999999,0.0,100.0,0.0,False,0.0,100.0,100.0,100.0
2,1,0,m47,mask,0.0,0.9999999999999999,0.0,101.0,0.0,False,0.0,101.0,101.0,101.0
2,1,0,m48,mask,0.0,0.9999999999999999,0.0,102.0,0.0,False,0.0,102.0,102.0,102.0
2,1,0,m49,mask,0.0,0.9999999999999999,0.0,103.0,0.0,False,0.0,103.0,103.0,103.0
2,1,0,m50,mask,0.0,0.9999999999999999,0.0,104.0,0.0,False,0.0,104.0,104.0,104.0
2,1,0,m51,mask,0.0,0.9999999999999999,0.0,105.0,0.0,False,0.0,105.0,105.0,105.0
2,1,0,m52,mask,0.0,0.9999999999999999,0.0,106.0,0.0,False,0.0,106.0,106.0,106.0
3,1,0,r51,raw_return,0.03994424749235623,1.0000000000000002,0.0,1.0,3.0,True,0.04127213536355581,1.0,1.0,1.0
3,1,0,r52,raw_return,0.03859968889753236,1.0000000000000002,0.0,2.0,3.0,True,0.03584004211291328,4.0,2.0,4.0
3,1,0,r49,raw_return,0.034714404297050354,1.0000000000000002,0.0,3.0,3.0,True,0.03530701413072044,3.0,2.0,6.0
3,1,0,r45,raw_return,0.03283833905128904,1.0000000000000002,0.0,4.0,2.0,False,0.02718773641098202,10.0,4.0,15.0
3,1,0,r48,raw_return,0.03221786440694996,1.0000000000000002,0.0,5.0,3.0,True,0.03237760678377526,5.0,5.0,5.0
3,1,0,r44,raw_return,0.03183499756477295,1.0000000000000002,0.0,6.0,3.0,True,0.035341898150369914,3.0,2.0,6.0
3,1,0,r47,raw_return,0.030957302154070932,1.0000000000000002,0.0,7.0,3.0,True,0.029832663008326262,7.0,7.0,8.0
3,1,0,r50,raw_return,0.029755001322777388,1.0000000000000002,0.0,8.0,3.0,True,0.03168004959218403,6.0,3.0,8.0
3,1,0,r1,raw_return,0.026807538391964043,1.0000000000000002,0.0,9.0,3.0,True,0.026383868921567532,9.0,9.0,10.0
3,1,0,r46,raw_return,0.023721149346441962,1.0000000000000002,0.0,10.0,3.0,True,0.027000726363172967,9.0,7.0,10.0
3,1,0,r2,raw_return,0.020857968064752642,1.0000000000000002,0.0,11.0,0.0,False,0.018373269563657233,11.0,11.0,27.0
3,1,0,r39,raw_return,0.02027684371401847,1.0000000000000002,0.0,12.0,0.0,False,0.01800203214401457,14.0,12.0,23.0
3,1,0,r42,raw_return,0.019928874993247064,1.0000000000000002,0.0,13.0,0.0,False,0.020585363490967058,13.0,11.0,17.0
3,1,0,r8,raw_return,0.019817278857422935,1.0000000000000002,0.0,14.0,0.0,False,0.019553593147732803,14.0,12.0,18.0
3,1,0,r43,raw_return,0.018801568079223216,1.0000000000000002,0.0,15.0,0.0,False,0.019819983994626377,15.0,14.0,16.0
3,1,0,r34,raw_return,0.018760395797238743,1.0000000000000002,0.0,16.0,1.0,False,0.022371654140661123,16.0,8.0,16.0
3,1,0,r38,raw_return,0.016683065658507985,1.0000000000000002,0.0,17.0,0.0,False,0.013590559617995797,24.0,17.0,33.0
3,1,0,r14,raw_return,0.015485394667484798,1.0000000000000002,0.0,18.0,0.0,False,0.014777291892363187,21.0,18.0,25.0
3,1,0,r35,raw_return,0.015233082837916299,1.0000000000000002,0.0,19.0,0.0,False,0.013657960200387606,22.0,19.0,30.0
3,1,0,r30,raw_return,0.014558566499210428,1.0000000000000002,0.0,20.0,0.0,False,0.014363003159681587,20.0,18.0,28.0
3,1,0,r4,raw_return,0.01434087913238909,1.0000000000000002,0.0,21.0,0.0,False,0.01915226380130965,13.0,12.0,21.0
3,1,0,r16,raw_return,0.014292760692653245,1.0000000000000002,0.0,22.0,0.0,False,0.011641333050373457,29.0,22.0,35.0
3,1,0,r9,raw_return,0.014127716017548664,1.0000000000000002,0.0,23.0,0.0,False,0.015495699990218175,19.0,19.0,23.0
3,1,0,r5,raw_return,0.013848695177017362,1.0000000000000002,0.0,24.0,0.0,False,0.013629529536499227,24.0,23.0,25.0
3,1,0,r15,raw_return,0.01353369770489735,1.0000000000000002,0.0,25.0,0.0,False,0.009654841316135693,36.0,25.0,39.0
3,1,0,r12,raw_return,0.013125185961300304,1.0000000000000002,0.0,26.0,0.0,False,0.012364997748075743,28.0,26.0,29.0
3,1,0,r37,raw_return,0.012558135932704318,1.0000000000000002,0.0,27.0,0.0,False,0.008621616448036851,41.0,27.0,43.0
3,1,0,r21,raw_return,0.012181747069302218,1.0000000000000002,0.0,28.0,0.0,False,0.013023488171170055,28.0,22.0,30.0
3,1,0,r33,raw_return,0.01217569542403362,1.0000000000000002,0.0,29.0,0.0,False,0.011998790897520544,29.0,20.0,37.0
3,1,0,r27,raw_return,0.012142323406897049,1.0000000000000002,0.0,30.0,0.0,False,0.014518223567000556,30.0,15.0,31.0
3,1,0,r23,raw_return,0.012021254640661937,1.0000000000000002,0.0,31.0,0.0,False,0.010349111479881686,34.0,31.0,34.0
3,1,0,r20,raw_return,0.010723687652336594,1.0000000000000002,0.0,32.0,0.0,False,0.01200672291096877,27.0,26.0,32.0
3,1,0,r41,raw_return,0.010622745788794418,1.0000000000000002,0.0,33.0,0.0,False,0.007995307721104837,33.0,32.0,51.0
3,1,0,r7,raw_return,0.010137393109151162,1.0000000000000002,0.0,34.0,0.0,False,0.010234849524463395,34.0,26.0,37.0
3,1,0,r13,raw_return,0.010068959327212725,1.0000000000000002,0.0,35.0,0.0,False,0.006915552387956267,45.0,35.0,46.0
3,1,0,r6,raw_return,0.009134938868788595,1.0000000000000002,0.0,36.0,0.0,False,0.008789400125677882,36.0,33.0,38.0
3,1,0,r17,raw_return,0.009055397505482688,1.0000000000000002,0.0,37.0,0.0,False,0.00754700172915303,40.0,37.0,42.0
3,1,0,r36,raw_return,0.008252566236904386,1.0000000000000002,0.0,38.0,0.0,False,0.014023408380274003,21.0,17.0,38.0
3,1,0,r19,raw_return,0.008018068311452225,1.0000000000000002,0.0,39.0,0.0,False,0.008703177174750332,39.0,32.0,42.0
3,1,0,r31,raw_return,0.007768319252463698,1.0000000000000002,0.0,40.0,0.0,False,0.015414534761752292,20.0,13.0,40.0
3,1,0,r28,raw_return,0.007399969791542389,1.0000000000000002,0.0,41.0,0.0,False,0.007051542878868834,41.0,39.0,44.0
3,1,0,r32,raw_return,0.007190700358478352,1.0000000000000002,0.0,42.0,0.0,False,0.0068301217831212855,42.0,41.0,43.0
3,1,0,r3,raw_return,0.006555978944845265,1.0000000000000002,0.0,43.0,0.0,False,0.009529492094901797,35.0,24.0,43.0
3,1,0,r11,raw_return,0.00601383204636295,1.0000000000000002,0.0,44.0,0.0,False,0.004521058814118229,49.0,44.0,50.0
3,1,0,r26,raw_return,0.005075673528910556,1.0000000000000002,0.0,45.0,0.0,False,0.003988979609071976,51.0,45.0,52.0
3,1,0,r24,raw_return,0.004483590511944385,1.0000000000000002,0.0,46.0,0.0,False,0.004647952231001606,46.0,40.0,52.0
3,1,0,r22,raw_return,0.004284548460042061,1.0000000000000002,0.0,47.0,0.0,False,0.005560118084418719,47.0,36.0,49.0
3,1,0,r40,raw_return,0.004008054294050453,1.0000000000000002,0.0,48.0,0.0,False,0.004595457203508583,48.0,44.0,48.0
3,1,0,r0,raw_return,0.003585964255467843,1.0000000000000002,0.0,49.0,0.0,False,0.003082690996444095,50.0,49.0,53.0
3,1,0,r25,raw_return,0.003406124870842177,1.0000000000000002,0.0,50.0,0.0,False,0.0054887554747717025,47.0,38.0,50.0
3,1,0,r10,raw_return,0.0031523639901301975,1.0000000000000002,0.0,51.0,0.0,False,0.0043891429221810845,48.0,46.0,51.0
3,1,0,r18,raw_return,0.0030623997660004535,1.0000000000000002,0.0,52.0,0.0,False,0.0033361838152644245,52.0,47.0,53.0
3,1,0,r29,raw_return,0.002270929515649186,1.0000000000000002,0.0,53.0,0.0,False,0.006282080659920514,45.0,31.0,53.0
3,1,0,m0,mask,0.0,1.0000000000000002,0.0,54.0,0.0,False,0.0,54.0,54.0,54.0
3,1,0,m1,mask,0.0,1.0000000000000002,0.0,55.0,0.0,False,0.0,55.0,55.0,55.0
3,1,0,m2,mask,0.0,1.0000000000000002,0.0,56.0,0.0,False,0.0,56.0,56.0,56.0
3,1,0,m3,mask,0.0,1.0000000000000002,0.0,57.0,0.0,False,0.0,57.0,57.0,57.0
3,1,0,m4,mask,0.0,1.0000000000000002,0.0,58.0,0.0,False,0.0,58.0,58.0,58.0
3,1,0,m5,mask,0.0,1.0000000000000002,0.0,59.0,0.0,False,0.0,59.0,59.0,59.0
3,1,0,m6,mask,0.0,1.0000000000000002,0.0,60.0,0.0,False,0.0,60.0,60.0,60.0
3,1,0,m7,mask,0.0,1.0000000000000002,0.0,61.0,0.0,False,0.0,61.0,61.0,61.0
3,1,0,m8,mask,0.0,1.0000000000000002,0.0,62.0,0.0,False,0.0,62.0,62.0,62.0
3,1,0,m9,mask,0.0,1.0000000000000002,0.0,63.0,0.0,False,0.0,63.0,63.0,63.0
3,1,0,m10,mask,0.0,1.0000000000000002,0.0,64.0,0.0,False,0.0,64.0,64.0,64.0
3,1,0,m11,mask,0.0,1.0000000000000002,0.0,65.0,0.0,False,0.0,65.0,65.0,65.0
3,1,0,m12,mask,0.0,1.0000000000000002,0.0,66.0,0.0,False,0.0,66.0,66.0,66.0
3,1,0,m13,mask,0.0,1.0000000000000002,0.0,67.0,0.0,False,0.0,67.0,67.0,67.0
3,1,0,m14,mask,0.0,1.0000000000000002,0.0,68.0,0.0,False,0.0,68.0,68.0,68.0
3,1,0,m15,mask,0.0,1.0000000000000002,0.0,69.0,0.0,False,0.0,69.0,69.0,69.0
3,1,0,m16,mask,0.0,1.0000000000000002,0.0,70.0,0.0,False,0.0,70.0,70.0,70.0
3,1,0,m17,mask,0.0,1.0000000000000002,0.0,71.0,0.0,False,0.0,71.0,71.0,71.0
3,1,0,m18,mask,0.0,1.0000000000000002,0.0,72.0,0.0,False,0.0,72.0,72.0,72.0
3,1,0,m19,mask,0.0,1.0000000000000002,0.0,73.0,0.0,False,0.0,73.0,73.0,73.0
3,1,0,m20,mask,0.0,1.0000000000000002,0.0,74.0,0.0,False,0.0,74.0,74.0,74.0
3,1,0,m21,mask,0.0,1.0000000000000002,0.0,75.0,0.0,False,0.0,75.0,75.0,75.0
3,1,0,m22,mask,0.0,1.0000000000000002,0.0,76.0,0.0,False,0.0,76.0,76.0,76.0
3,1,0,m23,mask,0.0,1.0000000000000002,0.0,77.0,0.0,False,0.0,77.0,77.0,77.0
3,1,0,m24,mask,0.0,1.0000000000000002,0.0,78.0,0.0,False,0.0,78.0,78.0,78.0
3,1,0,m25,mask,0.0,1.0000000000000002,0.0,79.0,0.0,False,0.0,79.0,79.0,79.0
3,1,0,m26,mask,0.0,1.0000000000000002,0.0,80.0,0.0,False,0.0,80.0,80.0,80.0
3,1,0,m27,mask,0.0,1.0000000000000002,0.0,81.0,0.0,False,0.0,81.0,81.0,81.0
3,1,0,m28,mask,0.0,1.0000000000000002,0.0,82.0,0.0,False,0.0,82.0,82.0,82.0
3,1,0,m29,mask,0.0,1.0000000000000002,0.0,83.0,0.0,False,0.0,83.0,83.0,83.0
3,1,0,m30,mask,0.0,1.0000000000000002,0.0,84.0,0.0,False,0.0,84.0,84.0,84.0
3,1,0,m31,mask,0.0,1.0000000000000002,0.0,85.0,0.0,False,0.0,85.0,85.0,85.0
3,1,0,m32,mask,0.0,1.0000000000000002,0.0,86.0,0.0,False,0.0,86.0,86.0,86.0
3,1,0,m33,mask,0.0,1.0000000000000002,0.0,87.0,0.0,False,0.0,87.0,87.0,87.0
3,1,0,m34,mask,0.0,1.0000000000000002,0.0,88.0,0.0,False,0.0,88.0,88.0,88.0
3,1,0,m35,mask,0.0,1.0000000000000002,0.0,89.0,0.0,False,0.0,89.0,89.0,89.0
3,1,0,m36,mask,0.0,1.0000000000000002,0.0,90.0,0.0,False,0.0,90.0,90.0,90.0
3,1,0,m37,mask,0.0,1.0000000000000002,0.0,91.0,0.0,False,0.0,91.0,91.0,91.0
3,1,0,m38,mask,0.0,1.0000000000000002,0.0,92.0,0.0,False,0.0,92.0,92.0,92.0
3,1,0,m39,mask,0.0,1.0000000000000002,0.0,93.0,0.0,False,0.0,93.0,93.0,93.0
3,1,0,m40,mask,0.0,1.0000000000000002,0.0,94.0,0.0,False,0.0,94.0,94.0,94.0
3,1,0,m41,mask,0.0,1.0000000000000002,0.0,95.0,0.0,False,0.0,95.0,95.0,95.0
3,1,0,m42,mask,0.0,1.0000000000000002,0.0,96.0,0.0,False,0.0,96.0,96.0,96.0
3,1,0,m43,mask,0.0,1.0000000000000002,0.0,97.0,0.0,False,0.0,97.0,97.0,97.0
3,1,0,m44,mask,0.0,1.0000000000000002,0.0,98.0,0.0,False,0.0,98.0,98.0,98.0
3,1,0,m45,mask,0.0,1.0000000000000002,0.0,99.0,0.0,False,0.0,99.0,99.0,99.0
3,1,0,m46,mask,0.0,1.0000000000000002,0.0,100.0,0.0,False,0.0,100.0,100.0,100.0
3,1,0,m47,mask,0.0,1.0000000000000002,0.0,101.0,0.0,False,0.0,101.0,101.0,101.0
3,1,0,m48,mask,0.0,1.0000000000000002,0.0,102.0,0.0,False,0.0,102.0,102.0,102.0
3,1,0,m49,mask,0.0,1.0000000000000002,0.0,103.0,0.0,False,0.0,103.0,103.0,103.0
3,1,0,m50,mask,0.0,1.0000000000000002,0.0,104.0,0.0,False,0.0,104.0,104.0,104.0
3,1,0,m51,mask,0.0,1.0000000000000002,0.0,105.0,0.0,False,0.0,105.0,105.0,105.0
3,1,0,m52,mask,0.0,1.0000000000000002,0.0,106.0,0.0,False,0.0,106.0,106.0,106.0
1,2,1,r51,raw_return,0.0366556762610926,1.0,0.0,1.0,3.0,True,0.032207988598226926,2.0,1.0,2.0
1,2,1,r35,raw_return,0.03066445789106365,1.0,0.0,2.0,1.0,False,0.02039069276477373,14.0,2.0,19.0
1,2,1,r24,raw_return,0.028392667618216363,1.0,0.0,3.0,3.0,True,0.028125849931631818,3.0,1.0,5.0
1,2,1,r0,raw_return,0.025486782534164375,1.0,0.0,4.0,1.0,False,0.02108406001209126,11.0,4.0,12.0
1,2,1,r52,raw_return,0.02491630736360821,1.0,0.0,5.0,3.0,True,0.028475305746919727,3.0,1.0,5.0
1,2,1,r50,raw_return,0.024775369709263032,1.0,0.0,6.0,3.0,True,0.022491600916080035,6.0,5.0,7.0
1,2,1,r11,raw_return,0.022877931491042544,1.0,0.0,7.0,1.0,False,0.014435029614699791,25.0,7.0,30.0
1,2,1,r2,raw_return,0.02138892209943151,1.0,0.0,8.0,2.0,False,0.018865341697019176,10.0,8.0,13.0
1,2,1,r14,raw_return,0.021046327439551534,1.0,0.0,9.0,2.0,False,0.01732409840905166,9.0,6.0,29.0
1,2,1,r49,raw_return,0.01870998224418872,1.0,0.0,10.0,2.0,False,0.02008240631747367,10.0,4.0,11.0
1,2,1,r34,raw_return,0.017693906097515536,1.0,0.0,11.0,2.0,False,0.02025999715778107,9.0,3.0,11.0
1,2,1,r20,raw_return,0.016456321121901055,1.0,0.0,12.0,2.0,False,0.019839567211035195,9.0,4.0,12.0
1,2,1,r26,raw_return,0.01629527297316963,1.0,0.0,13.0,2.0,False,0.019371060158732387,8.0,6.0,13.0
1,2,1,r48,raw_return,0.01541657844909423,1.0,0.0,14.0,0.0,False,0.013030935309200383,22.0,14.0,23.0
1,2,1,r12,raw_return,0.015405352014116943,1.0,0.0,15.0,0.0,False,0.013512198992688962,20.0,15.0,21.0
1,2,1,r3,raw_return,0.015314327799947023,1.0,0.0,16.0,2.0,False,0.018258802126185778,10.0,7.0,16.0
1,2,1,r42,raw_return,0.014917125839272558,1.0,0.0,17.0,0.0,False,0.012585856414525249,18.0,17.0,34.0
1,2,1,r46,raw_return,0.014543586614898232,1.0,0.0,18.0,0.0,False,0.015094222595795145,18.0,12.0,20.0
1,2,1,r47,raw_return,0.014282429134502308,1.0,0.0,19.0,0.0,False,0.011996651484005269,22.0,19.0,26.0
1,2,1,r5,raw_return,0.013000314881960549,1.0,0.0,20.0,0.0,False,0.006940186343028283,42.0,20.0,48.0
1,2,1,r44,raw_return,0.012430497904028925,1.0,0.0,21.0,1.0,False,0.014796426005179152,21.0,8.0,23.0
1,2,1,r16,raw_return,0.011686958237312865,1.0,0.0,22.0,0.0,False,0.007715344758196806,36.0,22.0,42.0
1,2,1,r7,raw_return,0.011289316818540101,1.0,0.0,23.0,0.0,False,0.013462650357716483,19.0,15.0,23.0
1,2,1,r15,raw_return,0.010101965842884966,1.0,0.0,24.0,0.0,False,0.011232533416998194,24.0,17.0,31.0
1,2,1,r23,raw_return,0.009937460385757732,1.0,0.0,25.0,0.0,False,0.012921558937140315,25.0,15.0,26.0
1,2,1,r1,raw_return,0.009627455534999172,1.0,0.0,26.0,0.0,False,0.007868839479239189,32.0,26.0,39.0
1,2,1,r38,raw_return,0.009502249716145343,1.0,0.0,27.0,0.0,False,0.006943818278438509,34.0,27.0,45.0
1,2,1,r33,raw_return,0.00898342161580149,1.0,0.0,28.0,0.0,False,0.008854004035836019,28.0,24.0,40.0
1,2,1,r21,raw_return,0.008834410762909101,1.0,0.0,29.0,0.0,False,0.0052158909162796285,41.0,29.0,52.0
1,2,1,r25,raw_return,0.008502168300219637,1.0,0.0,30.0,0.0,False,0.009609750738180689,28.0,27.0,30.0
1,2,1,r18,raw_return,0.008312088554784169,1.0,0.0,31.0,0.0,False,0.008439702751871968,31.0,21.0,40.0
1,2,1,r17,raw_return,0.007994603552648187,1.0,0.0,32.0,0.0,False,0.008862390205567863,30.0,27.0,32.0
1,2,1,r39,raw_return,0.007939298888060876,1.0,0.0,33.0,0.0,False,0.008235227623516646,33.0,31.0,33.0
1,2,1,r28,raw_return,0.007732187143199098,1.0,0.0,34.0,0.0,False,0.006524171245537977,37.0,34.0,39.0
1,2,1,r8,raw_return,0.007649213645261625,1.0,0.0,35.0,0.0,False,0.007139041594421542,35.0,33.0,38.0
1,2,1,r45,raw_return,0.007135530658983044,1.0,0.0,36.0,0.0,False,0.01235845071059157,18.0,16.0,36.0
1,2,1,r30,raw_return,0.007082749005381629,1.0,0.0,37.0,0.0,False,0.0068093971493750965,37.0,32.0,43.0
1,2,1,r40,raw_return,0.006989656748344715,1.0,0.0,38.0,0.0,False,0.0035687908984629456,48.0,38.0,51.0
1,2,1,r27,raw_return,0.006943476164193271,1.0,0.0,39.0,0.0,False,0.013160622845116451,17.0,13.0,39.0
1,2,1,r37,raw_return,0.006582131407565612,1.0,0.0,40.0,0.0,False,0.004340328126492144,45.0,40.0,49.0
1,2,1,r31,raw_return,0.005375263190533587,1.0,0.0,41.0,0.0,False,0.009718702422162702,29.0,14.0,41.0
1,2,1,r36,raw_return,0.005241453396287397,1.0,0.0,42.0,0.0,False,0.008752571476421509,35.0,16.0,42.0
1,2,1,r13,raw_return,0.005162056645858683,1.0,0.0,43.0,0.0,False,0.005995326627324782,43.0,28.0,44.0
1,2,1,r6,raw_return,0.00456106210964208,1.0,0.0,44.0,0.0,False,0.002219385001264527,53.0,44.0,53.0
1,2,1,r43,raw_return,0.004074127472208147,1.0,0.0,45.0,0.0,False,0.0037501778176691307,46.0,45.0,46.0
1,2,1,r29,raw_return,0.0035960325105324955,1.0,0.0,46.0,0.0,False,0.006165018094647469,44.0,25.0,46.0
1,2,1,r9,raw_return,0.0031496017483968897,1.0,0.0,47.0,0.0,False,0.00669199263114145,38.0,24.0,47.0
1,2,1,r22,raw_return,0.002091952839113219,1.0,0.0,48.0,0.0,False,0.003206258376744396,47.0,41.0,48.0
1,2,1,r10,raw_return,0.0017237590504682885,1.0,0.0,49.0,0.0,False,0.0026728297884528727,49.0,43.0,50.0
1,2,1,r32,raw_return,0.0015171622392390418,1.0,0.0,50.0,0.0,False,0.0015237539518657287,50.0,50.0,52.0
1,2,1,r19,raw_return,0.0014283313470905342,1.0,0.0,51.0,0.0,False,0.005176930878178912,37.0,35.0,51.0
1,2,1,r4,raw_return,0.001059749603200089,1.0,0.0,52.0,0.0,False,0.0030216491631640564,49.0,36.0,52.0
1,2,1,r41,raw_return,0.0010097348733615946,1.0,0.0,53.0,0.0,False,0.0019800784784402667,51.0,47.0,53.0
1,2,1,m0,mask,0.0,1.0,0.0,54.0,0.0,False,0.0,54.0,54.0,54.0
1,2,1,m1,mask,0.0,1.0,0.0,55.0,0.0,False,0.0,55.0,55.0,55.0
1,2,1,m2,mask,0.0,1.0,0.0,56.0,0.0,False,0.0,56.0,56.0,56.0
1,2,1,m3,mask,0.0,1.0,0.0,57.0,0.0,False,0.0,57.0,57.0,57.0
1,2,1,m4,mask,0.0,1.0,0.0,58.0,0.0,False,0.0,58.0,58.0,58.0
1,2,1,m5,mask,0.0,1.0,0.0,59.0,0.0,False,0.0,59.0,59.0,59.0
1,2,1,m6,mask,0.0,1.0,0.0,60.0,0.0,False,0.0,60.0,60.0,60.0
1,2,1,m7,mask,0.0,1.0,0.0,61.0,0.0,False,0.0,61.0,61.0,61.0
1,2,1,m8,mask,0.0,1.0,0.0,62.0,0.0,False,0.0,62.0,62.0,62.0
1,2,1,m9,mask,0.0,1.0,0.0,63.0,0.0,False,0.0,63.0,63.0,63.0
1,2,1,m10,mask,0.0,1.0,0.0,64.0,0.0,False,0.0,64.0,64.0,64.0
1,2,1,m11,mask,0.0,1.0,0.0,65.0,0.0,False,0.0,65.0,65.0,65.0
1,2,1,m12,mask,0.0,1.0,0.0,66.0,0.0,False,0.0,66.0,66.0,66.0
1,2,1,m13,mask,0.0,1.0,0.0,67.0,0.0,False,0.0,67.0,67.0,67.0
1,2,1,m14,mask,0.0,1.0,0.0,68.0,0.0,False,0.0,68.0,68.0,68.0
1,2,1,m15,mask,0.0,1.0,0.0,69.0,0.0,False,0.0,69.0,69.0,69.0
1,2,1,m16,mask,0.0,1.0,0.0,70.0,0.0,False,0.0,70.0,70.0,70.0
1,2,1,m17,mask,0.0,1.0,0.0,71.0,0.0,False,0.0,71.0,71.0,71.0
1,2,1,m18,mask,0.0,1.0,0.0,72.0,0.0,False,0.0,72.0,72.0,72.0
1,2,1,m19,mask,0.0,1.0,0.0,73.0,0.0,False,0.0,73.0,73.0,73.0
1,2,1,m20,mask,0.0,1.0,0.0,74.0,0.0,False,0.0,74.0,74.0,74.0
1,2,1,m21,mask,0.0,1.0,0.0,75.0,0.0,False,0.0,75.0,75.0,75.0
1,2,1,m22,mask,0.0,1.0,0.0,76.0,0.0,False,0.0,76.0,76.0,76.0
1,2,1,m23,mask,0.0,1.0,0.0,77.0,0.0,False,0.0,77.0,77.0,77.0
1,2,1,m24,mask,0.0,1.0,0.0,78.0,0.0,False,0.0,78.0,78.0,78.0
1,2,1,m25,mask,0.0,1.0,0.0,79.0,0.0,False,0.0,79.0,79.0,79.0
1,2,1,m26,mask,0.0,1.0,0.0,80.0,0.0,False,0.0,80.0,80.0,80.0
1,2,1,m27,mask,0.0,1.0,0.0,81.0,0.0,False,0.0,81.0,81.0,81.0
1,2,1,m28,mask,0.0,1.0,0.0,82.0,0.0,False,0.0,82.0,82.0,82.0
1,2,1,m29,mask,0.0,1.0,0.0,83.0,0.0,False,0.0,83.0,83.0,83.0
1,2,1,m30,mask,0.0,1.0,0.0,84.0,0.0,False,0.0,84.0,84.0,84.0
1,2,1,m31,mask,0.0,1.0,0.0,85.0,0.0,False,0.0,85.0,85.0,85.0
1,2,1,m32,mask,0.0,1.0,0.0,86.0,0.0,False,0.0,86.0,86.0,86.0
1,2,1,m33,mask,0.0,1.0,0.0,87.0,0.0,False,0.0,87.0,87.0,87.0
1,2,1,m34,mask,0.0,1.0,0.0,88.0,0.0,False,0.0,88.0,88.0,88.0
1,2,1,m35,mask,0.0,1.0,0.0,89.0,0.0,False,0.0,89.0,89.0,89.0
1,2,1,m36,mask,0.0,1.0,0.0,90.0,0.0,False,0.0,90.0,90.0,90.0
1,2,1,m37,mask,0.0,1.0,0.0,91.0,0.0,False,0.0,91.0,91.0,91.0
1,2,1,m38,mask,0.0,1.0,0.0,92.0,0.0,False,0.0,92.0,92.0,92.0
1,2,1,m39,mask,0.0,1.0,0.0,93.0,0.0,False,0.0,93.0,93.0,93.0
1,2,1,m40,mask,0.0,1.0,0.0,94.0,0.0,False,0.0,94.0,94.0,94.0
1,2,1,m41,mask,0.0,1.0,0.0,95.0,0.0,False,0.0,95.0,95.0,95.0
1,2,1,m42,mask,0.0,1.0,0.0,96.0,0.0,False,0.0,96.0,96.0,96.0
1,2,1,m43,mask,0.0,1.0,0.0,97.0,0.0,False,0.0,97.0,97.0,97.0
1,2,1,m44,mask,0.0,1.0,0.0,98.0,0.0,False,0.0,98.0,98.0,98.0
1,2,1,m45,mask,0.0,1.0,0.0,99.0,0.0,False,0.0,99.0,99.0,99.0
1,2,1,m46,mask,0.0,1.0,0.0,100.0,0.0,False,0.0,100.0,100.0,100.0
1,2,1,m47,mask,0.0,1.0,0.0,101.0,0.0,False,0.0,101.0,101.0,101.0
1,2,1,m48,mask,0.0,1.0,0.0,102.0,0.0,False,0.0,102.0,102.0,102.0
1,2,1,m49,mask,0.0,1.0,0.0,103.0,0.0,False,0.0,103.0,103.0,103.0
1,2,1,m50,mask,0.0,1.0,0.0,104.0,0.0,False,0.0,104.0,104.0,104.0
1,2,1,m51,mask,0.0,1.0,0.0,105.0,0.0,False,0.0,105.0,105.0,105.0
1,2,1,m52,mask,0.0,1.0,0.0,106.0,0.0,False,0.0,106.0,106.0,106.0
2,2,1,r24,raw_return,0.034152970319832096,1.0000000000000002,0.0,1.0,3.0,True,0.028125849931631818,3.0,1.0,5.0
2,2,1,r51,raw_return,0.02991532747351448,1.0000000000000002,0.0,2.0,3.0,True,0.032207988598226926,2.0,1.0,2.0
2,2,1,r52,raw_return,0.029859608324522013,1.0000000000000002,0.0,3.0,3.0,True,0.028475305746919727,3.0,1.0,5.0
2,2,1,r20,raw_return,0.02360558384392789,1.0000000000000002,0.0,4.0,2.0,False,0.019839567211035195,9.0,4.0,12.0
2,2,1,r50,raw_return,0.02141017130890941,1.0000000000000002,0.0,5.0,3.0,True,0.022491600916080035,6.0,5.0,7.0
2,2,1,r14,raw_return,0.020808262646445655,1.0000000000000002,0.0,6.0,2.0,False,0.01732409840905166,9.0,6.0,29.0
2,2,1,r3,raw_return,0.020271282404719614,1.0000000000000002,0.0,7.0,2.0,False,0.018258802126185778,10.0,7.0,16.0
2,2,1,r26,raw_return,0.020148016748840748,1.0000000000000002,0.0,8.0,2.0,False,0.019371060158732387,8.0,6.0,13.0
2,2,1,r34,raw_return,0.020131503294513096,1.0000000000000002,0.0,9.0,2.0,False,0.02025999715778107,9.0,3.0,11.0
2,2,1,r2,raw_return,0.019440741842670833,1.0000000000000002,0.0,10.0,2.0,False,0.018865341697019176,10.0,8.0,13.0
2,2,1,r49,raw_return,0.01942259653737847,1.0000000000000002,0.0,11.0,2.0,False,0.02008240631747367,10.0,4.0,11.0
2,2,1,r0,raw_return,0.0193605626738281,1.0000000000000002,0.0,12.0,1.0,False,0.02108406001209126,11.0,4.0,12.0
2,2,1,r27,raw_return,0.01900089006372218,1.0000000000000002,0.0,13.0,0.0,False,0.013160622845116451,17.0,13.0,39.0
2,2,1,r35,raw_return,0.018144053882226216,1.0000000000000002,0.0,14.0,1.0,False,0.02039069276477373,14.0,2.0,19.0
2,2,1,r23,raw_return,0.018006526148717967,1.0000000000000002,0.0,15.0,0.0,False,0.012921558937140315,25.0,15.0,26.0
2,2,1,r45,raw_return,0.016431614695557074,1.0000000000000002,0.0,16.0,0.0,False,0.01235845071059157,18.0,16.0,36.0
2,2,1,r15,raw_return,0.014583726231900072,1.0000000000000002,0.0,17.0,0.0,False,0.011232533416998194,24.0,17.0,31.0
2,2,1,r42,raw_return,0.014560845700019854,1.0000000000000002,0.0,18.0,0.0,False,0.012585856414525249,18.0,17.0,34.0
2,2,1,r7,raw_return,0.014400297008556663,1.0000000000000002,0.0,19.0,0.0,False,0.013462650357716483,19.0,15.0,23.0
2,2,1,r46,raw_return,0.014210554769022565,1.0000000000000002,0.0,20.0,0.0,False,0.015094222595795145,18.0,12.0,20.0
2,2,1,r12,raw_return,0.013459592264092862,1.0000000000000002,0.0,21.0,0.0,False,0.013512198992688962,20.0,15.0,21.0
2,2,1,r48,raw_return,0.012094015325885266,1.0000000000000002,0.0,22.0,0.0,False,0.013030935309200383,22.0,14.0,23.0
2,2,1,r44,raw_return,0.01150863583165119,1.0000000000000002,0.0,23.0,1.0,False,0.014796426005179152,21.0,8.0,23.0
2,2,1,r33,raw_return,0.011428461128474737,1.0000000000000002,0.0,24.0,0.0,False,0.008854004035836019,28.0,24.0,40.0
2,2,1,r11,raw_return,0.011225062576922937,1.0000000000000002,0.0,25.0,1.0,False,0.014435029614699791,25.0,7.0,30.0
2,2,1,r47,raw_return,0.010108114854985615,1.0000000000000002,0.0,26.0,0.0,False,0.011996651484005269,22.0,19.0,26.0
2,2,1,r25,raw_return,0.009954123385527055,1.0000000000000002,0.0,27.0,0.0,False,0.009609750738180689,28.0,27.0,30.0
2,2,1,r13,raw_return,0.008071031858144125,1.0000000000000002,0.0,28.0,0.0,False,0.005995326627324782,43.0,28.0,44.0
2,2,1,r31,raw_return,0.008061592216254212,1.0000000000000002,0.0,29.0,0.0,False,0.009718702422162702,29.0,14.0,41.0
2,2,1,r17,raw_return,0.008051054893321634,1.0000000000000002,0.0,30.0,0.0,False,0.008862390205567863,30.0,27.0,32.0
2,2,1,r39,raw_return,0.008018806523476087,1.0000000000000002,0.0,31.0,0.0,False,0.008235227623516646,33.0,31.0,33.0
2,2,1,r1,raw_return,0.007771560120381764,1.0000000000000002,0.0,32.0,0.0,False,0.007868839479239189,32.0,26.0,39.0
2,2,1,r8,raw_return,0.0075477849305216295,1.0000000000000002,0.0,33.0,0.0,False,0.007139041594421542,35.0,33.0,38.0
2,2,1,r38,raw_return,0.007248204868750691,1.0000000000000002,0.0,34.0,0.0,False,0.006943818278438509,34.0,27.0,45.0
2,2,1,r36,raw_return,0.00677420083413017,1.0000000000000002,0.0,35.0,0.0,False,0.008752571476421509,35.0,16.0,42.0
2,2,1,r16,raw_return,0.006221255101892894,1.0000000000000002,0.0,36.0,0.0,False,0.007715344758196806,36.0,22.0,42.0
2,2,1,r19,raw_return,0.006092616340465611,1.0000000000000002,0.0,37.0,0.0,False,0.005176930878178912,37.0,35.0,51.0
2,2,1,r9,raw_return,0.0060198283276549774,1.0000000000000002,0.0,38.0,0.0,False,0.00669199263114145,38.0,24.0,47.0
2,2,1,r28,raw_return,0.0055120680867094055,1.0000000000000002,0.0,39.0,0.0,False,0.006524171245537977,37.0,34.0,39.0
2,2,1,r18,raw_return,0.005373610889539123,1.0000000000000002,0.0,40.0,0.0,False,0.008439702751871968,31.0,21.0,40.0
2,2,1,r21,raw_return,0.005139273166185376,1.0000000000000002,0.0,41.0,0.0,False,0.0052158909162796285,41.0,29.0,52.0
2,2,1,r5,raw_return,0.00493515729451974,1.0000000000000002,0.0,42.0,0.0,False,0.006940186343028283,42.0,20.0,48.0
2,2,1,r30,raw_return,0.004559426525960589,1.0000000000000002,0.0,43.0,0.0,False,0.0068093971493750965,37.0,32.0,43.0
2,2,1,r29,raw_return,0.004064146423283091,1.0000000000000002,0.0,44.0,0.0,False,0.006165018094647469,44.0,25.0,46.0
2,2,1,r37,raw_return,0.004050023116192279,1.0000000000000002,0.0,45.0,0.0,False,0.004340328126492144,45.0,40.0,49.0
2,2,1,r43,raw_return,0.003206899853614232,1.0000000000000002,0.0,46.0,0.0,False,0.0037501778176691307,46.0,45.0,46.0
2,2,1,r22,raw_return,0.0019590939236550186,1.0000000000000002,0.0,47.0,0.0,False,0.003206258376744396,47.0,41.0,48.0
2,2,1,r40,raw_return,0.0017900121861180195,1.0000000000000002,0.0,48.0,0.0,False,0.0035687908984629456,48.0,38.0,51.0
2,2,1,r4,raw_return,0.0015113838089528145,1.0000000000000002,0.0,49.0,0.0,False,0.0030216491631640564,49.0,36.0,52.0
2,2,1,r10,raw_return,0.0013614028703668737,1.0000000000000002,0.0,50.0,0.0,False,0.0026728297884528727,49.0,43.0,50.0
2,2,1,r41,raw_return,0.0013214033814074354,1.0000000000000002,0.0,51.0,0.0,False,0.0019800784784402667,51.0,47.0,53.0
2,2,1,r32,raw_return,0.0007312303726248502,1.0000000000000002,0.0,52.0,0.0,False,0.0015237539518657287,50.0,50.0,52.0
2,2,1,r6,raw_return,0.000729561601743626,1.0000000000000002,0.0,53.0,0.0,False,0.002219385001264527,53.0,44.0,53.0
2,2,1,m0,mask,0.0,1.0000000000000002,0.0,54.0,0.0,False,0.0,54.0,54.0,54.0
2,2,1,m1,mask,0.0,1.0000000000000002,0.0,55.0,0.0,False,0.0,55.0,55.0,55.0
2,2,1,m2,mask,0.0,1.0000000000000002,0.0,56.0,0.0,False,0.0,56.0,56.0,56.0
2,2,1,m3,mask,0.0,1.0000000000000002,0.0,57.0,0.0,False,0.0,57.0,57.0,57.0
2,2,1,m4,mask,0.0,1.0000000000000002,0.0,58.0,0.0,False,0.0,58.0,58.0,58.0
2,2,1,m5,mask,0.0,1.0000000000000002,0.0,59.0,0.0,False,0.0,59.0,59.0,59.0
2,2,1,m6,mask,0.0,1.0000000000000002,0.0,60.0,0.0,False,0.0,60.0,60.0,60.0
2,2,1,m7,mask,0.0,1.0000000000000002,0.0,61.0,0.0,False,0.0,61.0,61.0,61.0
2,2,1,m8,mask,0.0,1.0000000000000002,0.0,62.0,0.0,False,0.0,62.0,62.0,62.0
2,2,1,m9,mask,0.0,1.0000000000000002,0.0,63.0,0.0,False,0.0,63.0,63.0,63.0
2,2,1,m10,mask,0.0,1.0000000000000002,0.0,64.0,0.0,False,0.0,64.0,64.0,64.0
2,2,1,m11,mask,0.0,1.0000000000000002,0.0,65.0,0.0,False,0.0,65.0,65.0,65.0
2,2,1,m12,mask,0.0,1.0000000000000002,0.0,66.0,0.0,False,0.0,66.0,66.0,66.0
2,2,1,m13,mask,0.0,1.0000000000000002,0.0,67.0,0.0,False,0.0,67.0,67.0,67.0
2,2,1,m14,mask,0.0,1.0000000000000002,0.0,68.0,0.0,False,0.0,68.0,68.0,68.0
2,2,1,m15,mask,0.0,1.0000000000000002,0.0,69.0,0.0,False,0.0,69.0,69.0,69.0
2,2,1,m16,mask,0.0,1.0000000000000002,0.0,70.0,0.0,False,0.0,70.0,70.0,70.0
2,2,1,m17,mask,0.0,1.0000000000000002,0.0,71.0,0.0,False,0.0,71.0,71.0,71.0
2,2,1,m18,mask,0.0,1.0000000000000002,0.0,72.0,0.0,False,0.0,72.0,72.0,72.0
2,2,1,m19,mask,0.0,1.0000000000000002,0.0,73.0,0.0,False,0.0,73.0,73.0,73.0
2,2,1,m20,mask,0.0,1.0000000000000002,0.0,74.0,0.0,False,0.0,74.0,74.0,74.0
2,2,1,m21,mask,0.0,1.0000000000000002,0.0,75.0,0.0,False,0.0,75.0,75.0,75.0
2,2,1,m22,mask,0.0,1.0000000000000002,0.0,76.0,0.0,False,0.0,76.0,76.0,76.0
2,2,1,m23,mask,0.0,1.0000000000000002,0.0,77.0,0.0,False,0.0,77.0,77.0,77.0
2,2,1,m24,mask,0.0,1.0000000000000002,0.0,78.0,0.0,False,0.0,78.0,78.0,78.0
2,2,1,m25,mask,0.0,1.0000000000000002,0.0,79.0,0.0,False,0.0,79.0,79.0,79.0
2,2,1,m26,mask,0.0,1.0000000000000002,0.0,80.0,0.0,False,0.0,80.0,80.0,80.0
2,2,1,m27,mask,0.0,1.0000000000000002,0.0,81.0,0.0,False,0.0,81.0,81.0,81.0
2,2,1,m28,mask,0.0,1.0000000000000002,0.0,82.0,0.0,False,0.0,82.0,82.0,82.0
2,2,1,m29,mask,0.0,1.0000000000000002,0.0,83.0,0.0,False,0.0,83.0,83.0,83.0
2,2,1,m30,mask,0.0,1.0000000000000002,0.0,84.0,0.0,False,0.0,84.0,84.0,84.0
2,2,1,m31,mask,0.0,1.0000000000000002,0.0,85.0,0.0,False,0.0,85.0,85.0,85.0
2,2,1,m32,mask,0.0,1.0000000000000002,0.0,86.0,0.0,False,0.0,86.0,86.0,86.0
2,2,1,m33,mask,0.0,1.0000000000000002,0.0,87.0,0.0,False,0.0,87.0,87.0,87.0
2,2,1,m34,mask,0.0,1.0000000000000002,0.0,88.0,0.0,False,0.0,88.0,88.0,88.0
2,2,1,m35,mask,0.0,1.0000000000000002,0.0,89.0,0.0,False,0.0,89.0,89.0,89.0
2,2,1,m36,mask,0.0,1.0000000000000002,0.0,90.0,0.0,False,0.0,90.0,90.0,90.0
2,2,1,m37,mask,0.0,1.0000000000000002,0.0,91.0,0.0,False,0.0,91.0,91.0,91.0
2,2,1,m38,mask,0.0,1.0000000000000002,0.0,92.0,0.0,False,0.0,92.0,92.0,92.0
2,2,1,m39,mask,0.0,1.0000000000000002,0.0,93.0,0.0,False,0.0,93.0,93.0,93.0
2,2,1,m40,mask,0.0,1.0000000000000002,0.0,94.0,0.0,False,0.0,94.0,94.0,94.0
2,2,1,m41,mask,0.0,1.0000000000000002,0.0,95.0,0.0,False,0.0,95.0,95.0,95.0
2,2,1,m42,mask,0.0,1.0000000000000002,0.0,96.0,0.0,False,0.0,96.0,96.0,96.0
2,2,1,m43,mask,0.0,1.0000000000000002,0.0,97.0,0.0,False,0.0,97.0,97.0,97.0
2,2,1,m44,mask,0.0,1.0000000000000002,0.0,98.0,0.0,False,0.0,98.0,98.0,98.0
2,2,1,m45,mask,0.0,1.0000000000000002,0.0,99.0,0.0,False,0.0,99.0,99.0,99.0
2,2,1,m46,mask,0.0,1.0000000000000002,0.0,100.0,0.0,False,0.0,100.0,100.0,100.0
2,2,1,m47,mask,0.0,1.0000000000000002,0.0,101.0,0.0,False,0.0,101.0,101.0,101.0
2,2,1,m48,mask,0.0,1.0000000000000002,0.0,102.0,0.0,False,0.0,102.0,102.0,102.0
2,2,1,m49,mask,0.0,1.0000000000000002,0.0,103.0,0.0,False,0.0,103.0,103.0,103.0
2,2,1,m50,mask,0.0,1.0000000000000002,0.0,104.0,0.0,False,0.0,104.0,104.0,104.0
2,2,1,m51,mask,0.0,1.0000000000000002,0.0,105.0,0.0,False,0.0,105.0,105.0,105.0
2,2,1,m52,mask,0.0,1.0000000000000002,0.0,106.0,0.0,False,0.0,106.0,106.0,106.0
3,2,1,r52,raw_return,0.030650001552628963,1.0000000000000002,0.0,1.0,3.0,True,0.028475305746919727,3.0,1.0,5.0
3,2,1,r51,raw_return,0.030052962060073695,1.0000000000000002,0.0,2.0,3.0,True,0.032207988598226926,2.0,1.0,2.0
3,2,1,r34,raw_return,0.022954582081314585,1.0000000000000002,0.0,3.0,2.0,False,0.02025999715778107,9.0,3.0,11.0
3,2,1,r49,raw_return,0.02211464017085382,1.0000000000000002,0.0,4.0,2.0,False,0.02008240631747367,10.0,4.0,11.0
3,2,1,r24,raw_return,0.021831911856847,1.0000000000000002,0.0,5.0,3.0,True,0.028125849931631818,3.0,1.0,5.0
3,2,1,r26,raw_return,0.02166989075418678,1.0000000000000002,0.0,6.0,2.0,False,0.019371060158732387,8.0,6.0,13.0
3,2,1,r50,raw_return,0.021289261730067666,1.0000000000000002,0.0,7.0,3.0,True,0.022491600916080035,6.0,5.0,7.0
3,2,1,r44,raw_return,0.020450144279857342,1.0000000000000002,0.0,8.0,1.0,False,0.014796426005179152,21.0,8.0,23.0
3,2,1,r20,raw_return,0.01945679666727665,1.0000000000000002,0.0,9.0,2.0,False,0.019839567211035195,9.0,4.0,12.0
3,2,1,r3,raw_return,0.019190796173890703,1.0000000000000002,0.0,10.0,2.0,False,0.018258802126185778,10.0,7.0,16.0
3,2,1,r0,raw_return,0.01840483482828131,1.0000000000000002,0.0,11.0,1.0,False,0.02108406001209126,11.0,4.0,12.0
3,2,1,r46,raw_return,0.01652852640346464,1.0000000000000002,0.0,12.0,0.0,False,0.015094222595795145,18.0,12.0,20.0
3,2,1,r2,raw_return,0.015766361148955185,1.0000000000000002,0.0,13.0,2.0,False,0.018865341697019176,10.0,8.0,13.0
3,2,1,r31,raw_return,0.015719251859700308,1.0000000000000002,0.0,14.0,0.0,False,0.009718702422162702,29.0,14.0,41.0
3,2,1,r7,raw_return,0.014698337246052687,1.0000000000000002,0.0,15.0,0.0,False,0.013462650357716483,19.0,15.0,23.0
3,2,1,r36,raw_return,0.014242060198846957,1.0000000000000002,0.0,16.0,0.0,False,0.008752571476421509,35.0,16.0,42.0
3,2,1,r27,raw_return,0.013537502307433898,1.0000000000000002,0.0,17.0,0.0,False,0.013160622845116451,17.0,13.0,39.0
3,2,1,r45,raw_return,0.013508206777234591,1.0000000000000002,0.0,18.0,0.0,False,0.01235845071059157,18.0,16.0,36.0
3,2,1,r35,raw_return,0.012363566521031316,1.0000000000000002,0.0,19.0,1.0,False,0.02039069276477373,14.0,2.0,19.0
3,2,1,r12,raw_return,0.011671652699857078,1.0000000000000002,0.0,20.0,0.0,False,0.013512198992688962,20.0,15.0,21.0
3,2,1,r18,raw_return,0.01163340881129261,1.0000000000000002,0.0,21.0,0.0,False,0.008439702751871968,31.0,21.0,40.0
3,2,1,r47,raw_return,0.011599410462527885,1.0000000000000002,0.0,22.0,0.0,False,0.011996651484005269,22.0,19.0,26.0
3,2,1,r48,raw_return,0.011582212152621651,1.0000000000000002,0.0,23.0,0.0,False,0.013030935309200383,22.0,14.0,23.0
3,2,1,r9,raw_return,0.010906547817372485,1.0000000000000002,0.0,24.0,0.0,False,0.00669199263114145,38.0,24.0,47.0
3,2,1,r29,raw_return,0.010834875350126822,1.0000000000000002,0.0,25.0,0.0,False,0.006165018094647469,44.0,25.0,46.0
3,2,1,r23,raw_return,0.010820690276945242,1.0000000000000002,0.0,26.0,0.0,False,0.012921558937140315,25.0,15.0,26.0
3,2,1,r17,raw_return,0.010541512170733767,1.0000000000000002,0.0,27.0,0.0,False,0.008862390205567863,30.0,27.0,32.0
3,2,1,r25,raw_return,0.010372960528795374,1.0000000000000002,0.0,28.0,0.0,False,0.009609750738180689,28.0,27.0,30.0
3,2,1,r14,raw_return,0.010117705141157785,1.0000000000000002,0.0,29.0,2.0,False,0.01732409840905166,9.0,6.0,29.0
3,2,1,r11,raw_return,0.00920209477613389,1.0000000000000002,0.0,30.0,1.0,False,0.014435029614699791,25.0,7.0,30.0
3,2,1,r15,raw_return,0.009011908176209544,1.0000000000000002,0.0,31.0,0.0,False,0.011232533416998194,24.0,17.0,31.0
3,2,1,r30,raw_return,0.00878601591678307,1.0000000000000002,0.0,32.0,0.0,False,0.0068093971493750965,37.0,32.0,43.0
3,2,1,r39,raw_return,0.008747577459012973,1.0000000000000002,0.0,33.0,0.0,False,0.008235227623516646,33.0,31.0,33.0
3,2,1,r42,raw_return,0.008279597704283333,1.0000000000000002,0.0,34.0,0.0,False,0.012585856414525249,18.0,17.0,34.0
3,2,1,r19,raw_return,0.008009844946980593,1.0000000000000002,0.0,35.0,0.0,False,0.005176930878178912,37.0,35.0,51.0
3,2,1,r4,raw_return,0.006493814077339266,1.0000000000000002,0.0,36.0,0.0,False,0.0030216491631640564,49.0,36.0,52.0
3,2,1,r28,raw_return,0.006328258506705424,1.0000000000000002,0.0,37.0,0.0,False,0.006524171245537977,37.0,34.0,39.0
3,2,1,r8,raw_return,0.006220126207481371,1.0000000000000002,0.0,38.0,0.0,False,0.007139041594421542,35.0,33.0,38.0
3,2,1,r1,raw_return,0.006207502782336632,1.0000000000000002,0.0,39.0,0.0,False,0.007868839479239189,32.0,26.0,39.0
3,2,1,r33,raw_return,0.006150129363231826,1.0000000000000002,0.0,40.0,0.0,False,0.008854004035836019,28.0,24.0,40.0
3,2,1,r22,raw_return,0.005567728367464952,1.0000000000000002,0.0,41.0,0.0,False,0.003206258376744396,47.0,41.0,48.0
3,2,1,r16,raw_return,0.005237820935384661,1.0000000000000002,0.0,42.0,0.0,False,0.007715344758196806,36.0,22.0,42.0
3,2,1,r10,raw_return,0.004933327444523457,1.0000000000000002,0.0,43.0,0.0,False,0.0026728297884528727,49.0,43.0,50.0
3,2,1,r13,raw_return,0.004752891377971536,1.0000000000000002,0.0,44.0,0.0,False,0.005995326627324782,43.0,28.0,44.0
3,2,1,r38,raw_return,0.004081000250419493,1.0000000000000002,0.0,45.0,0.0,False,0.006943818278438509,34.0,27.0,45.0
3,2,1,r43,raw_return,0.003969506127185014,1.0000000000000002,0.0,46.0,0.0,False,0.0037501778176691307,46.0,45.0,46.0
3,2,1,r41,raw_return,0.003609097180551771,1.0000000000000002,0.0,47.0,0.0,False,0.0019800784784402667,51.0,47.0,53.0
3,2,1,r5,raw_return,0.002885086852604559,1.0000000000000002,0.0,48.0,0.0,False,0.006940186343028283,42.0,20.0,48.0
3,2,1,r37,raw_return,0.0023888298557185406,1.0000000000000002,0.0,49.0,0.0,False,0.004340328126492144,45.0,40.0,49.0
3,2,1,r32,raw_return,0.002322869243733294,1.0000000000000002,0.0,50.0,0.0,False,0.0015237539518657287,50.0,50.0,52.0
3,2,1,r40,raw_return,0.0019267037609261024,1.0000000000000002,0.0,51.0,0.0,False,0.0035687908984629456,48.0,38.0,51.0
3,2,1,r21,raw_return,0.0016739888197444088,1.0000000000000002,0.0,52.0,0.0,False,0.0052158909162796285,41.0,29.0,52.0
3,2,1,r6,raw_return,0.0013675312924078752,1.0000000000000002,0.0,53.0,0.0,False,0.002219385001264527,53.0,44.0,53.0
3,2,1,m0,mask,0.0,1.0000000000000002,0.0,54.0,0.0,False,0.0,54.0,54.0,54.0
3,2,1,m1,mask,0.0,1.0000000000000002,0.0,55.0,0.0,False,0.0,55.0,55.0,55.0
3,2,1,m2,mask,0.0,1.0000000000000002,0.0,56.0,0.0,False,0.0,56.0,56.0,56.0
3,2,1,m3,mask,0.0,1.0000000000000002,0.0,57.0,0.0,False,0.0,57.0,57.0,57.0
3,2,1,m4,mask,0.0,1.0000000000000002,0.0,58.0,0.0,False,0.0,58.0,58.0,58.0
3,2,1,m5,mask,0.0,1.0000000000000002,0.0,59.0,0.0,False,0.0,59.0,59.0,59.0
3,2,1,m6,mask,0.0,1.0000000000000002,0.0,60.0,0.0,False,0.0,60.0,60.0,60.0
3,2,1,m7,mask,0.0,1.0000000000000002,0.0,61.0,0.0,False,0.0,61.0,61.0,61.0
3,2,1,m8,mask,0.0,1.0000000000000002,0.0,62.0,0.0,False,0.0,62.0,62.0,62.0
3,2,1,m9,mask,0.0,1.0000000000000002,0.0,63.0,0.0,False,0.0,63.0,63.0,63.0
3,2,1,m10,mask,0.0,1.0000000000000002,0.0,64.0,0.0,False,0.0,64.0,64.0,64.0
3,2,1,m11,mask,0.0,1.0000000000000002,0.0,65.0,0.0,False,0.0,65.0,65.0,65.0
3,2,1,m12,mask,0.0,1.0000000000000002,0.0,66.0,0.0,False,0.0,66.0,66.0,66.0
3,2,1,m13,mask,0.0,1.0000000000000002,0.0,67.0,0.0,False,0.0,67.0,67.0,67.0
3,2,1,m14,mask,0.0,1.0000000000000002,0.0,68.0,0.0,False,0.0,68.0,68.0,68.0
3,2,1,m15,mask,0.0,1.0000000000000002,0.0,69.0,0.0,False,0.0,69.0,69.0,69.0
3,2,1,m16,mask,0.0,1.0000000000000002,0.0,70.0,0.0,False,0.0,70.0,70.0,70.0
3,2,1,m17,mask,0.0,1.0000000000000002,0.0,71.0,0.0,False,0.0,71.0,71.0,71.0
3,2,1,m18,mask,0.0,1.0000000000000002,0.0,72.0,0.0,False,0.0,72.0,72.0,72.0
3,2,1,m19,mask,0.0,1.0000000000000002,0.0,73.0,0.0,False,0.0,73.0,73.0,73.0
3,2,1,m20,mask,0.0,1.0000000000000002,0.0,74.0,0.0,False,0.0,74.0,74.0,74.0
3,2,1,m21,mask,0.0,1.0000000000000002,0.0,75.0,0.0,False,0.0,75.0,75.0,75.0
3,2,1,m22,mask,0.0,1.0000000000000002,0.0,76.0,0.0,False,0.0,76.0,76.0,76.0
3,2,1,m23,mask,0.0,1.0000000000000002,0.0,77.0,0.0,False,0.0,77.0,77.0,77.0
3,2,1,m24,mask,0.0,1.0000000000000002,0.0,78.0,0.0,False,0.0,78.0,78.0,78.0
3,2,1,m25,mask,0.0,1.0000000000000002,0.0,79.0,0.0,False,0.0,79.0,79.0,79.0
3,2,1,m26,mask,0.0,1.0000000000000002,0.0,80.0,0.0,False,0.0,80.0,80.0,80.0
3,2,1,m27,mask,0.0,1.0000000000000002,0.0,81.0,0.0,False,0.0,81.0,81.0,81.0
3,2,1,m28,mask,0.0,1.0000000000000002,0.0,82.0,0.0,False,0.0,82.0,82.0,82.0
3,2,1,m29,mask,0.0,1.0000000000000002,0.0,83.0,0.0,False,0.0,83.0,83.0,83.0
3,2,1,m30,mask,0.0,1.0000000000000002,0.0,84.0,0.0,False,0.0,84.0,84.0,84.0
3,2,1,m31,mask,0.0,1.0000000000000002,0.0,85.0,0.0,False,0.0,85.0,85.0,85.0
3,2,1,m32,mask,0.0,1.0000000000000002,0.0,86.0,0.0,False,0.0,86.0,86.0,86.0
3,2,1,m33,mask,0.0,1.0000000000000002,0.0,87.0,0.0,False,0.0,87.0,87.0,87.0
3,2,1,m34,mask,0.0,1.0000000000000002,0.0,88.0,0.0,False,0.0,88.0,88.0,88.0
3,2,1,m35,mask,0.0,1.0000000000000002,0.0,89.0,0.0,False,0.0,89.0,89.0,89.0
3,2,1,m36,mask,0.0,1.0000000000000002,0.0,90.0,0.0,False,0.0,90.0,90.0,90.0
3,2,1,m37,mask,0.0,1.0000000000000002,0.0,91.0,0.0,False,0.0,91.0,91.0,91.0
3,2,1,m38,mask,0.0,1.0000000000000002,0.0,92.0,0.0,False,0.0,92.0,92.0,92.0
3,2,1,m39,mask,0.0,1.0000000000000002,0.0,93.0,0.0,False,0.0,93.0,93.0,93.0
3,2,1,m40,mask,0.0,1.0000000000000002,0.0,94.0,0.0,False,0.0,94.0,94.0,94.0
3,2,1,m41,mask,0.0,1.0000000000000002,0.0,95.0,0.0,False,0.0,95.0,95.0,95.0
3,2,1,m42,mask,0.0,1.0000000000000002,0.0,96.0,0.0,False,0.0,96.0,96.0,96.0
3,2,1,m43,mask,0.0,1.0000000000000002,0.0,97.0,0.0,False,0.0,97.0,97.0,97.0
3,2,1,m44,mask,0.0,1.0000000000000002,0.0,98.0,0.0,False,0.0,98.0,98.0,98.0
3,2,1,m45,mask,0.0,1.0000000000000002,0.0,99.0,0.0,False,0.0,99.0,99.0,99.0
3,2,1,m46,mask,0.0,1.0000000000000002,0.0,100.0,0.0,False,0.0,100.0,100.0,100.0
3,2,1,m47,mask,0.0,1.0000000000000002,0.0,101.0,0.0,False,0.0,101.0,101.0,101.0
3,2,1,m48,mask,0.0,1.0000000000000002,0.0,102.0,0.0,False,0.0,102.0,102.0,102.0
3,2,1,m49,mask,0.0,1.0000000000000002,0.0,103.0,0.0,False,0.0,103.0,103.0,103.0
3,2,1,m50,mask,0.0,1.0000000000000002,0.0,104.0,0.0,False,0.0,104.0,104.0,104.0
3,2,1,m51,mask,0.0,1.0000000000000002,0.0,105.0,0.0,False,0.0,105.0,105.0,105.0
3,2,1,m52,mask,0.0,1.0000000000000002,0.0,106.0,0.0,False,0.0,106.0,106.0,106.0
