fold,true_class,n_rows,g_mean,g_median,g_fraction_positive,delta_p_D_mean,delta_q_plus_n_defined,delta_q_plus_mean
1,-1,18539,-0.0021048946312467024,-0.005342755754617956,0.4822805976589892,0.0012357876976134417,18539,-0.0008043401286672354
1,0,28196,0.009542568328728178,0.006325692648652792,0.5296850617108809,-0.003938991897950203,28196,-6.382455744986138e-05
1,1,20296,0.0004724738614200129,-0.007612954410057826,0.4776803310997241,0.001545084380020876,20296,0.002624449263820638
2,-1,21230,-0.005294493759549456,-0.009516472787159613,0.4658031088082902,0.0012713425884438303,21230,0.0008329154517699192
2,0,27517,0.009701887801442377,0.01052023988120665,0.5510411745466439,-0.0050008077311566495,27517,-0.0009899632295832278
2,1,18242,-0.005673349940336803,-0.010790923386231999,0.4637101195044403,0.0023947061467235737,18242,-0.0017790272955106566
3,-1,18346,-0.005804115620224965,-0.009811506624426647,0.4604818489043933,-0.0004358036905749666,18346,0.0005490547914665141
3,0,27091,0.009894257209467202,0.007591676912303225,0.5365250452179691,-0.003145168703552021,27091,-0.000226720819800987
3,1,21462,0.001750710408639969,-0.004336147207506635,0.4848103625011648,0.00029778836898879915,21462,0.002855928405277606
